#
# There is insufficient memory for the Java Runtime Environment to continue.
# Native memory allocation (malloc) failed to allocate 2027216 bytes for Chunk::new
# Possible reasons:
#   The system is out of physical RAM or swap space
#   The process is running with CompressedOops enabled, and the Java Heap may be blocking the growth of the native heap
# Possible solutions:
#   Reduce memory load on the system
#   Increase physical memory or swap space
#   Check if swap backing store is full
#   Decrease Java heap size (-Xmx/-Xms)
#   Decrease number of Java threads
#   Decrease Java thread stack sizes (-Xss)
#   Set larger code cache with -XX:ReservedCodeCacheSize=
#   JVM is running with Zero Based Compressed Oops mode in which the Java heap is
#     placed in the first 32GB address space. The Java Heap base address is the
#     maximum limit for the native heap growth. Please use -XX:HeapBaseMinAddress
#     to set the Java Heap base and to place the Java Heap above 32GB virtual address.
# This output file may be truncated or incomplete.
#
#  Out of Memory Error (arena.cpp:168), pid=5088, tid=15932
#
# JRE version: Java(TM) SE Runtime Environment (21.0.6+8) (build 21.0.6+8-LTS-188)
# Java VM: Java HotSpot(TM) 64-Bit Server VM (21.0.6+8-LTS-188, mixed mode, sharing, tiered, compressed oops, compressed class ptrs, g1 gc, windows-amd64)
# No core dump will be written. Minidumps are not enabled by default on client versions of Windows
#

---------------  S U M M A R Y ------------

Command Line: -XX:MaxMetaspaceSize=4G -XX:ReservedCodeCacheSize=512m -XX:+HeapDumpOnOutOfMemoryError --add-opens=java.base/java.util=ALL-UNNAMED --add-opens=java.base/java.lang=ALL-UNNAMED --add-opens=java.base/java.lang.invoke=ALL-UNNAMED --add-opens=java.prefs/java.util.prefs=ALL-UNNAMED --add-exports=jdk.compiler/com.sun.tools.javac.api=ALL-UNNAMED --add-exports=jdk.compiler/com.sun.tools.javac.util=ALL-UNNAMED --add-opens=java.base/java.nio.charset=ALL-UNNAMED --add-opens=java.base/java.net=ALL-UNNAMED --add-opens=java.base/java.util.concurrent.atomic=ALL-UNNAMED -Xmx8G -Dfile.encoding=UTF-8 -Duser.country=IN -Duser.language=en -Duser.variant -javaagent:C:\Users\anand\.gradle\wrapper\dists\gradle-8.10.2-all\7iv73wktx1xtkvlq19urqw1wm\gradle-8.10.2\lib\agents\gradle-instrumentation-agent-8.10.2.jar org.gradle.launcher.daemon.bootstrap.GradleDaemon 8.10.2

Host: AMD Ryzen 3 5300U with Radeon Graphics         , 8 cores, 7G,  Windows 11 , 64 bit Build 26100 (10.0.26100.3775)
Time: Wed May 14 21:14:17 2025 India Standard Time elapsed time: 2443.916694 seconds (0d 0h 40m 43s)

---------------  T H R E A D  ---------------

Current thread (0x000002dccb0dfd10):  JavaThread "C2 CompilerThread0" daemon [_thread_in_native, id=15932, stack(0x000000ef72c00000,0x000000ef72d00000) (1024K)]


Current CompileTask:
C2:2443916 54525 % !   4       com.android.tools.r8.dex.C::k @ 99 (2698 bytes)

Stack: [0x000000ef72c00000,0x000000ef72d00000]
Native frames: (J=compiled Java code, j=interpreted, Vv=VM code, C=native code)
V  [jvm.dll+0x6ca6d9]
V  [jvm.dll+0x854f51]
V  [jvm.dll+0x85747e]
V  [jvm.dll+0x857b53]
V  [jvm.dll+0x27dcc6]
V  [jvm.dll+0xc4c2d]
V  [jvm.dll+0xc5163]
V  [jvm.dll+0x3b5122]
V  [jvm.dll+0x381855]
V  [jvm.dll+0x380cca]
V  [jvm.dll+0x246920]
V  [jvm.dll+0x245eff]
V  [jvm.dll+0x1c6d2e]
V  [jvm.dll+0x2554f9]
V  [jvm.dll+0x253a8a]
V  [jvm.dll+0x3ee576]
V  [jvm.dll+0x7ff2fb]
V  [jvm.dll+0x6c8dbd]
C  [ucrtbase.dll+0x37b0]
C  [KERNEL32.DLL+0x2e8d7]
C  [ntdll.dll+0xb14fc]


---------------  P R O C E S S  ---------------

Threads class SMR info:
_java_thread_list=0x000002dd23210b50, length=162, elements={
0x000002dc9631a8c0, 0x000002dccb0d1a00, 0x000002dccb0d2550, 0x000002dccb0d9bf0,
0x000002dccb0dbae0, 0x000002dccb0dc530, 0x000002dccb0dcf80, 0x000002dccb0dfd10,
0x000002dccb0f2dd0, 0x000002dccdb78380, 0x000002dccdc71510, 0x000002dd1457e450,
0x000002dd13c35f80, 0x000002dd143f8230, 0x000002dd14bfe0e0, 0x000002dd14bfe770,
0x000002dd14bfd3c0, 0x000002dd14bffb20, 0x000002dd14bfc6a0, 0x000002dd154d24d0,
0x000002dd15194e60, 0x000002dd17238d10, 0x000002dd172372d0, 0x000002dd1723ceb0,
0x000002dd1723a750, 0x000002dd197b6f20, 0x000002dd197b75b0, 0x000002dd197b8960,
0x000002dd197b7c40, 0x000002dd197b6200, 0x000002dd197b82d0, 0x000002dd197b8ff0,
0x000002dd197b5b70, 0x000002dd197bbde0, 0x000002dd197bb750, 0x000002dd197b9680,
0x000002dd197bc470, 0x000002dd197bcb00, 0x000002dd197baa30, 0x000002dd197bd190,
0x000002dd197b9d10, 0x000002dd197bd820, 0x000002dd197ba3a0, 0x000002dd197bdeb0,
0x000002dd197be540, 0x000002dd197bb0c0, 0x000002dd197c2050, 0x000002dd197c1330,
0x000002dd197bebd0, 0x000002dd197bf260, 0x000002dd197c26e0, 0x000002dd197c0610,
0x000002dd197c2d70, 0x000002dd197c3a90, 0x000002dd197c3400, 0x000002dd197c4120,
0x000002dd197c0ca0, 0x000002dd197c47b0, 0x000002dd197c4e40, 0x000002dd197c19c0,
0x000002dd18775310, 0x000002dd18773f60, 0x000002dd18774c80, 0x000002dd187745f0,
0x000002dd187759a0, 0x000002dd187738d0, 0x000002dd18776030, 0x000002dd18773240,
0x000002dd18772bb0, 0x000002dd18777a70, 0x000002dd18778100, 0x000002dd18779b40,
0x000002dd18776d50, 0x000002dd187766c0, 0x000002dd18778e20, 0x000002dd18778790,
0x000002dd187794b0, 0x000002dd1877a1d0, 0x000002dd172dfd00, 0x000002dd172e0390,
0x000002dd172e0a20, 0x000002dd172e10b0, 0x000002dd172e1740, 0x000002dd172de2c0,
0x000002dd172e1dd0, 0x000002dd172de950, 0x000002dd172e2460, 0x000002dd172defe0,
0x000002dd172e2af0, 0x000002dd172df670, 0x000002dd172e5250, 0x000002dd172e4530,
0x000002dd172e58e0, 0x000002dd172e3ea0, 0x000002dd172e4bc0, 0x000002dd154d1120,
0x000002dd154d17b0, 0x000002dd154d31f0, 0x000002dd154d3880, 0x000002dd154d0400,
0x000002dd154d3f10, 0x000002dd154d0a90, 0x000002dd154d6670, 0x000002dd154d7390,
0x000002dd154d6d00, 0x000002dd154d5fe0, 0x000002dd154d4c30, 0x000002dd16cbf810,
0x000002dd16cbc390, 0x000002dd16cc1250, 0x000002dd16cc2600, 0x000002dd16cc2c90,
0x000002dd16cbfea0, 0x000002dd16cc0bc0, 0x000002dd16cc0530, 0x000002dd16cc18e0,
0x000002dd16cc1f70, 0x000002dd2051bf60, 0x000002dd2051e6c0, 0x000002dd2051d310,
0x000002dd20522860, 0x000002dd20522ef0, 0x000002dd20520e20, 0x000002dd205214b0,
0x000002dd2051fa70, 0x000002dd205221d0, 0x000002dd20521b40, 0x000002dd20520100,
0x000002dd172170e0, 0x000002dd17219840, 0x000002dd172365b0, 0x000002dd15195b80,
0x000002dd151968a0, 0x000002dd1721ccc0, 0x000002dd17219ed0, 0x000002dd19546120,
0x000002dd195439c0, 0x000002dd19544d70, 0x000002dd2051ed50, 0x000002dd2051f3e0,
0x000002dd16cbd0b0, 0x000002dd154d52c0, 0x000002dd197b6890, 0x000002dd197bff80,
0x000002dd172e3180, 0x000002dd187773e0, 0x000002dd18a9feb0, 0x000002dd18a9f820,
0x000002dd18a9e470, 0x000002dd18a9dde0, 0x000002dd18a9eb00, 0x000002dd18a9f190,
0x000002dd18aa39c0, 0x000002dd18aa4050, 0x000002dd1723ade0, 0x000002dd1723b470,
0x000002dd1723bb00, 0x000002dd18aa18f0, 0x000002dd18aa2610, 0x000002dd18aa0540,
0x000002dd18aa4d70, 0x000002dd18aa7b60
}

Java Threads: ( => current thread )
  0x000002dc9631a8c0 JavaThread "main"                              [_thread_blocked, id=900, stack(0x000000ef71e00000,0x000000ef71f00000) (1024K)]
  0x000002dccb0d1a00 JavaThread "Reference Handler"          daemon [_thread_blocked, id=19580, stack(0x000000ef72600000,0x000000ef72700000) (1024K)]
  0x000002dccb0d2550 JavaThread "Finalizer"                  daemon [_thread_blocked, id=24220, stack(0x000000ef72700000,0x000000ef72800000) (1024K)]
  0x000002dccb0d9bf0 JavaThread "Signal Dispatcher"          daemon [_thread_blocked, id=1060, stack(0x000000ef72800000,0x000000ef72900000) (1024K)]
  0x000002dccb0dbae0 JavaThread "Attach Listener"            daemon [_thread_blocked, id=5212, stack(0x000000ef72900000,0x000000ef72a00000) (1024K)]
  0x000002dccb0dc530 JavaThread "Service Thread"             daemon [_thread_blocked, id=13516, stack(0x000000ef72a00000,0x000000ef72b00000) (1024K)]
  0x000002dccb0dcf80 JavaThread "Monitor Deflation Thread"   daemon [_thread_blocked, id=23448, stack(0x000000ef72b00000,0x000000ef72c00000) (1024K)]
=>0x000002dccb0dfd10 JavaThread "C2 CompilerThread0"         daemon [_thread_in_native, id=15932, stack(0x000000ef72c00000,0x000000ef72d00000) (1024K)]
  0x000002dccb0f2dd0 JavaThread "C1 CompilerThread0"         daemon [_thread_blocked, id=12112, stack(0x000000ef72d00000,0x000000ef72e00000) (1024K)]
  0x000002dccdb78380 JavaThread "Common-Cleaner"             daemon [_thread_blocked, id=8344, stack(0x000000ef72e00000,0x000000ef72f00000) (1024K)]
  0x000002dccdc71510 JavaThread "Notification Thread"        daemon [_thread_blocked, id=11284, stack(0x000000ef72f00000,0x000000ef73000000) (1024K)]
  0x000002dd1457e450 JavaThread "Daemon health stats"               [_thread_blocked, id=24160, stack(0x000000ef73300000,0x000000ef73400000) (1024K)]
  0x000002dd13c35f80 JavaThread "Incoming local TCP Connector on port 51594"        [_thread_in_native, id=15040, stack(0x000000ef73600000,0x000000ef73700000) (1024K)]
  0x000002dd143f8230 JavaThread "Daemon periodic checks"            [_thread_blocked, id=19988, stack(0x000000ef73500000,0x000000ef73600000) (1024K)]
  0x000002dd14bfe0e0 JavaThread "Cache worker for journal cache (C:\Users\anand\.gradle\caches\journal-1)"        [_thread_blocked, id=12964, stack(0x000000ef73e00000,0x000000ef73f00000) (1024K)]
  0x000002dd14bfe770 JavaThread "File lock request listener"        [_thread_in_native, id=20964, stack(0x000000ef73f00000,0x000000ef74000000) (1024K)]
  0x000002dd14bfd3c0 JavaThread "Cache worker for file hash cache (C:\Users\anand\.gradle\caches\8.10.2\fileHashes)"        [_thread_in_Java, id=22860, stack(0x000000ef74000000,0x000000ef74100000) (1024K)]
  0x000002dd14bffb20 JavaThread "File watcher server"        daemon [_thread_in_native, id=9672, stack(0x000000ef74800000,0x000000ef74900000) (1024K)]
  0x000002dd14bfc6a0 JavaThread "File watcher consumer"      daemon [_thread_blocked, id=10832, stack(0x000000ef74900000,0x000000ef74a00000) (1024K)]
  0x000002dd154d24d0 JavaThread "Cache worker for file content cache (C:\Users\anand\.gradle\caches\8.10.2\fileContent)"        [_thread_blocked, id=18124, stack(0x000000ef74a00000,0x000000ef74b00000) (1024K)]
  0x000002dd15194e60 JavaThread "Memory manager"                    [_thread_blocked, id=6468, stack(0x000000ef76500000,0x000000ef76600000) (1024K)]
  0x000002dd17238d10 JavaThread "jar transforms"                    [_thread_blocked, id=10672, stack(0x000000ef79600000,0x000000ef79700000) (1024K)]
  0x000002dd172372d0 JavaThread "jar transforms Thread 2"           [_thread_blocked, id=8624, stack(0x000000ef79e00000,0x000000ef79f00000) (1024K)]
  0x000002dd1723ceb0 JavaThread "jar transforms Thread 3"           [_thread_blocked, id=10052, stack(0x000000ef7a100000,0x000000ef7a200000) (1024K)]
  0x000002dd1723a750 JavaThread "jar transforms Thread 4"           [_thread_blocked, id=23920, stack(0x000000ef7a300000,0x000000ef7a400000) (1024K)]
  0x000002dd197b6f20 JavaThread "Daemon Thread 3"                   [_thread_blocked, id=14564, stack(0x000000ef71b00000,0x000000ef71c00000) (1024K)]
  0x000002dd197b75b0 JavaThread "Handler for socket connection from /127.0.0.1:51594 to /127.0.0.1:53943"        [_thread_in_native, id=16044, stack(0x000000ef71c00000,0x000000ef71d00000) (1024K)]
  0x000002dd197b8960 JavaThread "Cancel handler"                    [_thread_blocked, id=24248, stack(0x000000ef71d00000,0x000000ef71e00000) (1024K)]
  0x000002dd197b7c40 JavaThread "Daemon worker Thread 3"            [_thread_blocked, id=18444, stack(0x000000ef73700000,0x000000ef73800000) (1024K)]
  0x000002dd197b6200 JavaThread "Asynchronous log dispatcher for DefaultDaemonConnection: socket connection from /127.0.0.1:51594 to /127.0.0.1:53943"        [_thread_blocked, id=15092, stack(0x000000ef73800000,0x000000ef73900000) (1024K)]
  0x000002dd197b82d0 JavaThread "Stdin handler"                     [_thread_blocked, id=21540, stack(0x000000ef73900000,0x000000ef73a00000) (1024K)]
  0x000002dd197b8ff0 JavaThread "Daemon client event forwarder"        [_thread_blocked, id=20840, stack(0x000000ef73a00000,0x000000ef73b00000) (1024K)]
  0x000002dd197b5b70 JavaThread "Cache worker for file hash cache (C:\development\Catalift Clone\catalift_clone\android\.gradle\8.10.2\fileHashes)"        [_thread_blocked, id=7892, stack(0x000000ef73b00000,0x000000ef73c00000) (1024K)]
  0x000002dd197bbde0 JavaThread "Cache worker for Build Output Cleanup Cache (C:\development\Catalift Clone\catalift_clone\android\.gradle\buildOutputCleanup)"        [_thread_blocked, id=616, stack(0x000000ef73c00000,0x000000ef73d00000) (1024K)]
  0x000002dd197bb750 JavaThread "Cache worker for checksums cache (C:\development\Catalift Clone\catalift_clone\android\.gradle\8.10.2\checksums)"        [_thread_blocked, id=23296, stack(0x000000ef73d00000,0x000000ef73e00000) (1024K)]
  0x000002dd197b9680 JavaThread "Cache worker for cache directory md-rule (C:\Users\anand\.gradle\caches\8.10.2\md-rule)"        [_thread_blocked, id=2272, stack(0x000000ef74100000,0x000000ef74200000) (1024K)]
  0x000002dd197bc470 JavaThread "Cache worker for cache directory md-supplier (C:\Users\anand\.gradle\caches\8.10.2\md-supplier)"        [_thread_blocked, id=14400, stack(0x000000ef74600000,0x000000ef74700000) (1024K)]
  0x000002dd197bcb00 JavaThread "Cache worker for Build Output Cleanup Cache (C:\flutterdev\flutter\packages\flutter_tools\gradle\.gradle\buildOutputCleanup)"        [_thread_blocked, id=4960, stack(0x000000ef74700000,0x000000ef74800000) (1024K)]
  0x000002dd197baa30 JavaThread "Unconstrained build operations"        [_thread_blocked, id=6160, stack(0x000000ef74b00000,0x000000ef74c00000) (1024K)]
  0x000002dd197bd190 JavaThread "Unconstrained build operations Thread 2"        [_thread_blocked, id=18880, stack(0x000000ef74c00000,0x000000ef74d00000) (1024K)]
  0x000002dd197b9d10 JavaThread "Unconstrained build operations Thread 3"        [_thread_blocked, id=6960, stack(0x000000ef74d00000,0x000000ef74e00000) (1024K)]
  0x000002dd197bd820 JavaThread "Unconstrained build operations Thread 4"        [_thread_blocked, id=5280, stack(0x000000ef74e00000,0x000000ef74f00000) (1024K)]
  0x000002dd197ba3a0 JavaThread "Unconstrained build operations Thread 5"        [_thread_blocked, id=23892, stack(0x000000ef74f00000,0x000000ef75000000) (1024K)]
  0x000002dd197bdeb0 JavaThread "Unconstrained build operations Thread 6"        [_thread_blocked, id=19428, stack(0x000000ef75000000,0x000000ef75100000) (1024K)]
  0x000002dd197be540 JavaThread "Unconstrained build operations Thread 7"        [_thread_blocked, id=6988, stack(0x000000ef75100000,0x000000ef75200000) (1024K)]
  0x000002dd197bb0c0 JavaThread "Unconstrained build operations Thread 8"        [_thread_blocked, id=24240, stack(0x000000ef75200000,0x000000ef75300000) (1024K)]
  0x000002dd197c2050 JavaThread "Unconstrained build operations Thread 9"        [_thread_blocked, id=17412, stack(0x000000ef75300000,0x000000ef75400000) (1024K)]
  0x000002dd197c1330 JavaThread "Unconstrained build operations Thread 10"        [_thread_blocked, id=4196, stack(0x000000ef75400000,0x000000ef75500000) (1024K)]
  0x000002dd197bebd0 JavaThread "Unconstrained build operations Thread 11"        [_thread_blocked, id=13384, stack(0x000000ef75500000,0x000000ef75600000) (1024K)]
  0x000002dd197bf260 JavaThread "Unconstrained build operations Thread 12"        [_thread_blocked, id=17292, stack(0x000000ef75600000,0x000000ef75700000) (1024K)]
  0x000002dd197c26e0 JavaThread "Unconstrained build operations Thread 13"        [_thread_blocked, id=13428, stack(0x000000ef75700000,0x000000ef75800000) (1024K)]
  0x000002dd197c0610 JavaThread "Unconstrained build operations Thread 14"        [_thread_blocked, id=15104, stack(0x000000ef75800000,0x000000ef75900000) (1024K)]
  0x000002dd197c2d70 JavaThread "build event listener"              [_thread_blocked, id=8220, stack(0x000000ef75900000,0x000000ef75a00000) (1024K)]
  0x000002dd197c3a90 JavaThread "Execution worker"                  [_thread_blocked, id=9536, stack(0x000000ef75b00000,0x000000ef75c00000) (1024K)]
  0x000002dd197c3400 JavaThread "Execution worker Thread 2"         [_thread_blocked, id=24376, stack(0x000000ef75c00000,0x000000ef75d00000) (1024K)]
  0x000002dd197c4120 JavaThread "Execution worker Thread 3"         [_thread_blocked, id=17216, stack(0x000000ef75d00000,0x000000ef75e00000) (1024K)]
  0x000002dd197c0ca0 JavaThread "Execution worker Thread 4"         [_thread_blocked, id=10584, stack(0x000000ef75e00000,0x000000ef75f00000) (1024K)]
  0x000002dd197c47b0 JavaThread "Execution worker Thread 5"         [_thread_blocked, id=19316, stack(0x000000ef75f00000,0x000000ef76000000) (1024K)]
  0x000002dd197c4e40 JavaThread "Execution worker Thread 6"         [_thread_blocked, id=23672, stack(0x000000ef76000000,0x000000ef76100000) (1024K)]
  0x000002dd197c19c0 JavaThread "Execution worker Thread 7"         [_thread_blocked, id=7020, stack(0x000000ef76100000,0x000000ef76200000) (1024K)]
  0x000002dd18775310 JavaThread "Cache worker for execution history cache (C:\flutterdev\flutter\packages\flutter_tools\gradle\.gradle\8.10.2\executionHistory)"        [_thread_blocked, id=20760, stack(0x000000ef76200000,0x000000ef76300000) (1024K)]
  0x000002dd18773f60 JavaThread "Unconstrained build operations Thread 15"        [_thread_blocked, id=24300, stack(0x000000ef76300000,0x000000ef76400000) (1024K)]
  0x000002dd18774c80 JavaThread "Unconstrained build operations Thread 16"        [_thread_blocked, id=12876, stack(0x000000ef76400000,0x000000ef76500000) (1024K)]
  0x000002dd187745f0 JavaThread "Unconstrained build operations Thread 17"        [_thread_in_Java, id=5132, stack(0x000000ef76600000,0x000000ef76700000) (1024K)]
  0x000002dd187759a0 JavaThread "Unconstrained build operations Thread 18"        [_thread_in_Java, id=20756, stack(0x000000ef76700000,0x000000ef76800000) (1024K)]
  0x000002dd187738d0 JavaThread "Unconstrained build operations Thread 19"        [_thread_in_vm, id=11028, stack(0x000000ef76800000,0x000000ef76900000) (1024K)]
  0x000002dd18776030 JavaThread "Unconstrained build operations Thread 20"        [_thread_in_Java, id=21576, stack(0x000000ef76900000,0x000000ef76a00000) (1024K)]
  0x000002dd18773240 JavaThread "Unconstrained build operations Thread 21"        [_thread_blocked, id=23916, stack(0x000000ef76a00000,0x000000ef76b00000) (1024K)]
  0x000002dd18772bb0 JavaThread "Unconstrained build operations Thread 22"        [_thread_blocked, id=12672, stack(0x000000ef76b00000,0x000000ef76c00000) (1024K)]
  0x000002dd18777a70 JavaThread "Unconstrained build operations Thread 23"        [_thread_blocked, id=23196, stack(0x000000ef76c00000,0x000000ef76d00000) (1024K)]
  0x000002dd18778100 JavaThread "Unconstrained build operations Thread 24"        [_thread_blocked, id=22180, stack(0x000000ef76d00000,0x000000ef76e00000) (1024K)]
  0x000002dd18779b40 JavaThread "Unconstrained build operations Thread 25"        [_thread_blocked, id=11780, stack(0x000000ef76e00000,0x000000ef76f00000) (1024K)]
  0x000002dd18776d50 JavaThread "Unconstrained build operations Thread 26"        [_thread_blocked, id=12204, stack(0x000000ef76f00000,0x000000ef77000000) (1024K)]
  0x000002dd187766c0 JavaThread "Unconstrained build operations Thread 27"        [_thread_blocked, id=16268, stack(0x000000ef77000000,0x000000ef77100000) (1024K)]
  0x000002dd18778e20 JavaThread "Unconstrained build operations Thread 28"        [_thread_blocked, id=12400, stack(0x000000ef77100000,0x000000ef77200000) (1024K)]
  0x000002dd18778790 JavaThread "Unconstrained build operations Thread 29"        [_thread_blocked, id=20632, stack(0x000000ef77200000,0x000000ef77300000) (1024K)]
  0x000002dd187794b0 JavaThread "Unconstrained build operations Thread 30"        [_thread_blocked, id=20912, stack(0x000000ef77300000,0x000000ef77400000) (1024K)]
  0x000002dd1877a1d0 JavaThread "Unconstrained build operations Thread 31"        [_thread_blocked, id=22484, stack(0x000000ef77400000,0x000000ef77500000) (1024K)]
  0x000002dd172dfd00 JavaThread "Unconstrained build operations Thread 32"        [_thread_blocked, id=1076, stack(0x000000ef77500000,0x000000ef77600000) (1024K)]
  0x000002dd172e0390 JavaThread "Unconstrained build operations Thread 33"        [_thread_blocked, id=22904, stack(0x000000ef77600000,0x000000ef77700000) (1024K)]
  0x000002dd172e0a20 JavaThread "Unconstrained build operations Thread 34"        [_thread_blocked, id=12516, stack(0x000000ef77700000,0x000000ef77800000) (1024K)]
  0x000002dd172e10b0 JavaThread "Unconstrained build operations Thread 35"        [_thread_blocked, id=12240, stack(0x000000ef77800000,0x000000ef77900000) (1024K)]
  0x000002dd172e1740 JavaThread "Unconstrained build operations Thread 36"        [_thread_blocked, id=2316, stack(0x000000ef77900000,0x000000ef77a00000) (1024K)]
  0x000002dd172de2c0 JavaThread "Unconstrained build operations Thread 37"        [_thread_blocked, id=22480, stack(0x000000ef77a00000,0x000000ef77b00000) (1024K)]
  0x000002dd172e1dd0 JavaThread "Unconstrained build operations Thread 38"        [_thread_blocked, id=7860, stack(0x000000ef77b00000,0x000000ef77c00000) (1024K)]
  0x000002dd172de950 JavaThread "Unconstrained build operations Thread 39"        [_thread_blocked, id=24120, stack(0x000000ef77c00000,0x000000ef77d00000) (1024K)]
  0x000002dd172e2460 JavaThread "Unconstrained build operations Thread 40"        [_thread_blocked, id=16236, stack(0x000000ef77d00000,0x000000ef77e00000) (1024K)]
  0x000002dd172defe0 JavaThread "Unconstrained build operations Thread 41"        [_thread_blocked, id=11836, stack(0x000000ef77e00000,0x000000ef77f00000) (1024K)]
  0x000002dd172e2af0 JavaThread "Unconstrained build operations Thread 42"        [_thread_blocked, id=3348, stack(0x000000ef77f00000,0x000000ef78000000) (1024K)]
  0x000002dd172df670 JavaThread "Unconstrained build operations Thread 43"        [_thread_blocked, id=9604, stack(0x000000ef78000000,0x000000ef78100000) (1024K)]
  0x000002dd172e5250 JavaThread "Unconstrained build operations Thread 44"        [_thread_blocked, id=24324, stack(0x000000ef78100000,0x000000ef78200000) (1024K)]
  0x000002dd172e4530 JavaThread "Unconstrained build operations Thread 45"        [_thread_blocked, id=22776, stack(0x000000ef78200000,0x000000ef78300000) (1024K)]
  0x000002dd172e58e0 JavaThread "Unconstrained build operations Thread 46"        [_thread_blocked, id=19748, stack(0x000000ef78300000,0x000000ef78400000) (1024K)]
  0x000002dd172e3ea0 JavaThread "Unconstrained build operations Thread 47"        [_thread_blocked, id=14868, stack(0x000000ef78400000,0x000000ef78500000) (1024K)]
  0x000002dd172e4bc0 JavaThread "Unconstrained build operations Thread 48"        [_thread_blocked, id=3832, stack(0x000000ef78500000,0x000000ef78600000) (1024K)]
  0x000002dd154d1120 JavaThread "Unconstrained build operations Thread 49"        [_thread_blocked, id=18516, stack(0x000000ef78600000,0x000000ef78700000) (1024K)]
  0x000002dd154d17b0 JavaThread "Unconstrained build operations Thread 50"        [_thread_blocked, id=2884, stack(0x000000ef78700000,0x000000ef78800000) (1024K)]
  0x000002dd154d31f0 JavaThread "Unconstrained build operations Thread 51"        [_thread_blocked, id=11772, stack(0x000000ef78800000,0x000000ef78900000) (1024K)]
  0x000002dd154d3880 JavaThread "Unconstrained build operations Thread 52"        [_thread_blocked, id=8768, stack(0x000000ef78900000,0x000000ef78a00000) (1024K)]
  0x000002dd154d0400 JavaThread "Unconstrained build operations Thread 53"        [_thread_blocked, id=7872, stack(0x000000ef78a00000,0x000000ef78b00000) (1024K)]
  0x000002dd154d3f10 JavaThread "Unconstrained build operations Thread 54"        [_thread_blocked, id=10480, stack(0x000000ef78b00000,0x000000ef78c00000) (1024K)]
  0x000002dd154d0a90 JavaThread "Unconstrained build operations Thread 55"        [_thread_blocked, id=18108, stack(0x000000ef78c00000,0x000000ef78d00000) (1024K)]
  0x000002dd154d6670 JavaThread "Unconstrained build operations Thread 56"        [_thread_blocked, id=21696, stack(0x000000ef78d00000,0x000000ef78e00000) (1024K)]
  0x000002dd154d7390 JavaThread "Unconstrained build operations Thread 57"        [_thread_blocked, id=22476, stack(0x000000ef78e00000,0x000000ef78f00000) (1024K)]
  0x000002dd154d6d00 JavaThread "Unconstrained build operations Thread 58"        [_thread_blocked, id=16356, stack(0x000000ef78f00000,0x000000ef79000000) (1024K)]
  0x000002dd154d5fe0 JavaThread "Unconstrained build operations Thread 59"        [_thread_blocked, id=1560, stack(0x000000ef79000000,0x000000ef79100000) (1024K)]
  0x000002dd154d4c30 JavaThread "Unconstrained build operations Thread 60"        [_thread_blocked, id=10292, stack(0x000000ef79100000,0x000000ef79200000) (1024K)]
  0x000002dd16cbf810 JavaThread "jar transforms Thread 5"           [_thread_blocked, id=19656, stack(0x000000ef79200000,0x000000ef79300000) (1024K)]
  0x000002dd16cbc390 JavaThread "Unconstrained build operations Thread 61"        [_thread_blocked, id=16992, stack(0x000000ef79400000,0x000000ef79500000) (1024K)]
  0x000002dd16cc1250 JavaThread "Unconstrained build operations Thread 62"        [_thread_blocked, id=17212, stack(0x000000ef79500000,0x000000ef79600000) (1024K)]
  0x000002dd16cc2600 JavaThread "Unconstrained build operations Thread 63"        [_thread_blocked, id=18052, stack(0x000000ef79700000,0x000000ef79800000) (1024K)]
  0x000002dd16cc2c90 JavaThread "Unconstrained build operations Thread 64"        [_thread_blocked, id=6368, stack(0x000000ef79800000,0x000000ef79900000) (1024K)]
  0x000002dd16cbfea0 JavaThread "Unconstrained build operations Thread 65"        [_thread_blocked, id=17484, stack(0x000000ef79900000,0x000000ef79a00000) (1024K)]
  0x000002dd16cc0bc0 JavaThread "Unconstrained build operations Thread 66"        [_thread_blocked, id=13696, stack(0x000000ef79a00000,0x000000ef79b00000) (1024K)]
  0x000002dd16cc0530 JavaThread "Unconstrained build operations Thread 67"        [_thread_blocked, id=10648, stack(0x000000ef79b00000,0x000000ef79c00000) (1024K)]
  0x000002dd16cc18e0 JavaThread "Unconstrained build operations Thread 68"        [_thread_blocked, id=20956, stack(0x000000ef79c00000,0x000000ef79d00000) (1024K)]
  0x000002dd16cc1f70 JavaThread "Unconstrained build operations Thread 69"        [_thread_blocked, id=13792, stack(0x000000ef79d00000,0x000000ef79e00000) (1024K)]
  0x000002dd2051bf60 JavaThread "Unconstrained build operations Thread 70"        [_thread_blocked, id=15004, stack(0x000000ef79f00000,0x000000ef7a000000) (1024K)]
  0x000002dd2051e6c0 JavaThread "Unconstrained build operations Thread 71"        [_thread_blocked, id=13408, stack(0x000000ef7a000000,0x000000ef7a100000) (1024K)]
  0x000002dd2051d310 JavaThread "Unconstrained build operations Thread 72"        [_thread_blocked, id=21188, stack(0x000000ef7a200000,0x000000ef7a300000) (1024K)]
  0x000002dd20522860 JavaThread "Unconstrained build operations Thread 73"        [_thread_blocked, id=13760, stack(0x000000ef7a400000,0x000000ef7a500000) (1024K)]
  0x000002dd20522ef0 JavaThread "Unconstrained build operations Thread 74"        [_thread_blocked, id=12268, stack(0x000000ef7a500000,0x000000ef7a600000) (1024K)]
  0x000002dd20520e20 JavaThread "Unconstrained build operations Thread 75"        [_thread_blocked, id=21040, stack(0x000000ef7a600000,0x000000ef7a700000) (1024K)]
  0x000002dd205214b0 JavaThread "Unconstrained build operations Thread 76"        [_thread_blocked, id=16676, stack(0x000000ef7a700000,0x000000ef7a800000) (1024K)]
  0x000002dd2051fa70 JavaThread "Unconstrained build operations Thread 77"        [_thread_blocked, id=19740, stack(0x000000ef7a800000,0x000000ef7a900000) (1024K)]
  0x000002dd205221d0 JavaThread "Unconstrained build operations Thread 78"        [_thread_blocked, id=10208, stack(0x000000ef7a900000,0x000000ef7aa00000) (1024K)]
  0x000002dd20521b40 JavaThread "Unconstrained build operations Thread 79"        [_thread_blocked, id=2856, stack(0x000000ef7aa00000,0x000000ef7ab00000) (1024K)]
  0x000002dd20520100 JavaThread "Unconstrained build operations Thread 80"        [_thread_blocked, id=20432, stack(0x000000ef7ab00000,0x000000ef7ac00000) (1024K)]
  0x000002dd172170e0 JavaThread "jar transforms Thread 6"           [_thread_blocked, id=1068, stack(0x000000ef7ad00000,0x000000ef7ae00000) (1024K)]
  0x000002dd17219840 JavaThread "jar transforms Thread 7"           [_thread_blocked, id=9176, stack(0x000000ef7ae00000,0x000000ef7af00000) (1024K)]
  0x000002dd172365b0 JavaThread "jar transforms Thread 8"           [_thread_blocked, id=19308, stack(0x000000ef75a00000,0x000000ef75b00000) (1024K)]
  0x000002dd15195b80 JavaThread "included builds Thread 2"          [_thread_blocked, id=19392, stack(0x000000ef7af00000,0x000000ef7b000000) (1024K)]
  0x000002dd151968a0 JavaThread "Cache worker for execution history cache (C:\development\Catalift Clone\catalift_clone\android\.gradle\8.10.2\executionHistory)"        [_thread_blocked, id=20868, stack(0x000000ef7ac00000,0x000000ef7ad00000) (1024K)]
  0x000002dd1721ccc0 JavaThread "WorkerExecutor Queue"              [_thread_in_Java, id=20788, stack(0x000000ef7b600000,0x000000ef7b700000) (1024K)]
  0x000002dd17219ed0 JavaThread "WorkerExecutor Queue Thread 2"        [_thread_blocked, id=23928, stack(0x000000ef7b700000,0x000000ef7b800000) (1024K)]
  0x000002dd19546120 JavaThread "WorkerExecutor Queue Thread 4"        [_thread_blocked, id=23820, stack(0x000000ef7b900000,0x000000ef7ba00000) (1024K)]
  0x000002dd195439c0 JavaThread "WorkerExecutor Queue Thread 6"        [_thread_blocked, id=7380, stack(0x000000ef7bb00000,0x000000ef7bc00000) (1024K)]
  0x000002dd19544d70 JavaThread "WorkerExecutor Queue Thread 7"        [_thread_blocked, id=4296, stack(0x000000ef7bc00000,0x000000ef7bd00000) (1024K)]
  0x000002dd2051ed50 JavaThread "WorkerExecutor Queue Thread 8"        [_thread_blocked, id=5640, stack(0x000000ef7bd00000,0x000000ef7be00000) (1024K)]
  0x000002dd2051f3e0 JavaThread "WorkerExecutor Queue Thread 9"        [_thread_blocked, id=8160, stack(0x000000ef7be00000,0x000000ef7bf00000) (1024K)]
  0x000002dd16cbd0b0 JavaThread "WorkerExecutor Queue Thread 10"        [_thread_blocked, id=5020, stack(0x000000ef7b400000,0x000000ef7b500000) (1024K)]
  0x000002dd154d52c0 JavaThread "Cache worker for Java compile cache (C:\Users\anand\.gradle\caches\8.10.2\javaCompile)"        [_thread_blocked, id=3688, stack(0x000000ef7b300000,0x000000ef7b400000) (1024K)]
  0x000002dd197b6890 JavaThread "Build operations"                  [_thread_blocked, id=24548, stack(0x000000ef7b800000,0x000000ef7b900000) (1024K)]
  0x000002dd197bff80 JavaThread "Build operations Thread 2"         [_thread_blocked, id=6732, stack(0x000000ef7ba00000,0x000000ef7bb00000) (1024K)]
  0x000002dd172e3180 JavaThread "Build operations Thread 3"         [_thread_blocked, id=2380, stack(0x000000ef7bf00000,0x000000ef7c000000) (1024K)]
  0x000002dd187773e0 JavaThread "Build operations Thread 4"         [_thread_blocked, id=12820, stack(0x000000ef7c000000,0x000000ef7c100000) (1024K)]
  0x000002dd18a9feb0 JavaThread "Build operations Thread 5"         [_thread_blocked, id=21820, stack(0x000000ef7c100000,0x000000ef7c200000) (1024K)]
  0x000002dd18a9f820 JavaThread "Build operations Thread 6"         [_thread_blocked, id=13444, stack(0x000000ef7c200000,0x000000ef7c300000) (1024K)]
  0x000002dd18a9e470 JavaThread "Build operations Thread 7"         [_thread_blocked, id=17960, stack(0x000000ef7c300000,0x000000ef7c400000) (1024K)]
  0x000002dd18a9dde0 JavaThread "pool-9-thread-1"                   [_thread_blocked, id=22012, stack(0x000000ef7c400000,0x000000ef7c500000) (1024K)]
  0x000002dd18a9eb00 JavaThread "stderr"                            [_thread_in_native, id=12408, stack(0x000000ef7c500000,0x000000ef7c600000) (1024K)]
  0x000002dd18a9f190 JavaThread "stdout"                            [_thread_in_native, id=21372, stack(0x000000ef7c600000,0x000000ef7c700000) (1024K)]
  0x000002dd18aa39c0 JavaThread "RMI Scheduler(0)"           daemon [_thread_blocked, id=9608, stack(0x000000ef7b000000,0x000000ef7b100000) (1024K)]
  0x000002dd18aa4050 JavaThread "RMI RenewClean-[127.0.0.1:17594,org.jetbrains.kotlin.daemon.common.LoopbackNetworkInterface$ClientLoopbackSocketFactory@6c7b1981]" daemon [_thread_blocked, id=5908, stack(0x000000ef7b100000,0x000000ef7b200000) (1024K)]
  0x000002dd1723ade0 JavaThread "ForkJoinPool-1-worker-1"    daemon [_thread_blocked, id=9620, stack(0x000000ef7b200000,0x000000ef7b300000) (1024K)]
  0x000002dd1723b470 JavaThread "ForkJoinPool-1-worker-2"    daemon [_thread_blocked, id=6116, stack(0x000000ef7b500000,0x000000ef7b600000) (1024K)]
  0x000002dd1723bb00 JavaThread "ForkJoinPool-1-worker-3"    daemon [_thread_blocked, id=18576, stack(0x000000ef7c700000,0x000000ef7c800000) (1024K)]
  0x000002dd18aa18f0 JavaThread "ForkJoinPool-1-worker-4"    daemon [_thread_blocked, id=16996, stack(0x000000ef7c800000,0x000000ef7c900000) (1024K)]
  0x000002dd18aa2610 JavaThread "ForkJoinPool-1-worker-5"    daemon [_thread_blocked, id=15148, stack(0x000000ef7c900000,0x000000ef7ca00000) (1024K)]
  0x000002dd18aa0540 JavaThread "ForkJoinPool-1-worker-6"    daemon [_thread_blocked, id=21376, stack(0x000000ef7ca00000,0x000000ef7cb00000) (1024K)]
  0x000002dd18aa4d70 JavaThread "ForkJoinPool-1-worker-7"    daemon [_thread_blocked, id=16432, stack(0x000000ef7cb00000,0x000000ef7cc00000) (1024K)]
  0x000002dd18aa7b60 JavaThread "ForkJoinPool-1-worker-8"    daemon [_thread_blocked, id=20808, stack(0x000000ef7cc00000,0x000000ef7cd00000) (1024K)]
Total: 162

Other Threads:
  0x000002dc96304c90 VMThread "VM Thread"                           [id=23896, stack(0x000000ef72500000,0x000000ef72600000) (1024K)]
  0x000002dccb0a3a80 WatcherThread "VM Periodic Task Thread"        [id=8764, stack(0x000000ef72400000,0x000000ef72500000) (1024K)]
  0x000002dc96305770 WorkerThread "GC Thread#0"                     [id=7840, stack(0x000000ef71f00000,0x000000ef72000000) (1024K)]
  0x000002dc96305030 WorkerThread "GC Thread#1"                     [id=20416, stack(0x000000ef73000000,0x000000ef73100000) (1024K)]
  0x000002dc963041b0 WorkerThread "GC Thread#2"                     [id=24320, stack(0x000000ef73100000,0x000000ef73200000) (1024K)]
  0x000002dc96304550 WorkerThread "GC Thread#3"                     [id=12264, stack(0x000000ef73200000,0x000000ef73300000) (1024K)]
  0x000002dc963048f0 WorkerThread "GC Thread#4"                     [id=20536, stack(0x000000ef73400000,0x000000ef73500000) (1024K)]
  0x000002dd13bf9510 WorkerThread "GC Thread#5"                     [id=880, stack(0x000000ef74200000,0x000000ef74300000) (1024K)]
  0x000002dd13bfc430 WorkerThread "GC Thread#6"                     [id=2772, stack(0x000000ef74300000,0x000000ef74400000) (1024K)]
  0x000002dd13bfb210 WorkerThread "GC Thread#7"                     [id=20424, stack(0x000000ef74400000,0x000000ef74500000) (1024K)]
  0x000002dc985e9a80 ConcurrentGCThread "G1 Main Marker"            [id=8688, stack(0x000000ef72000000,0x000000ef72100000) (1024K)]
  0x000002dc96303e10 WorkerThread "G1 Conc#0"                       [id=23548, stack(0x000000ef72100000,0x000000ef72200000) (1024K)]
  0x000002dd13bf98b0 WorkerThread "G1 Conc#1"                       [id=9288, stack(0x000000ef74500000,0x000000ef74600000) (1024K)]
  0x000002dccaf7a080 ConcurrentGCThread "G1 Refine#0"               [id=15868, stack(0x000000ef72200000,0x000000ef72300000) (1024K)]
  0x000002dccaf7a9a0 ConcurrentGCThread "G1 Service"                [id=22692, stack(0x000000ef72300000,0x000000ef72400000) (1024K)]
Total: 15

Threads with active compile tasks:
C2 CompilerThread0  2444063 54525 % !   4       com.android.tools.r8.dex.C::k @ 99 (2698 bytes)
C1 CompilerThread0  2444063 54963       2       org.jetbrains.kotlin.load.kotlin.header.ReadKotlinClassHeaderAnnotationVisitor$KotlinMetadataArgumentVisitor::visit (195 bytes)
Total: 2

VM state: not at safepoint (normal execution)

VM Mutex/Monitor currently owned by a thread: None

Heap address: 0x0000000600000000, size: 8192 MB, Compressed Oops mode: Zero based, Oop shift amount: 3

CDS archive(s) mapped at: [0x000002dcce000000-0x000002dccec90000-0x000002dccec90000), size 13172736, SharedBaseAddress: 0x000002dcce000000, ArchiveRelocationMode: 1.
Compressed class space mapped at: 0x000002dccf000000-0x000002dd0f000000, reserved size: 1073741824
Narrow klass base: 0x000002dcce000000, Narrow klass shift: 0, Narrow klass range: 0x100000000

GC Precious Log:
 CardTable entry size: 512
 Card Set container configuration: InlinePtr #cards 4 size 8 Array Of Cards #cards 32 size 80 Howl #buckets 8 coarsen threshold 7372 Howl Bitmap #cards 1024 size 144 coarsen threshold 921 Card regions per heap region 1 cards per card region 8192
 CPUs: 8 total, 8 available
 Memory: 7502M
 Large Page Support: Disabled
 NUMA Support: Disabled
 Compressed Oops: Enabled (Zero based)
 Heap Region Size: 4M
 Heap Min Capacity: 8M
 Heap Initial Capacity: 120M
 Heap Max Capacity: 8G
 Pre-touch: Disabled
 Parallel Workers: 8
 Concurrent Workers: 2
 Concurrent Refinement Workers: 8
 Periodic GC: Disabled

Heap:
 garbage-first heap   total 1916928K, used 579866K [0x0000000600000000, 0x0000000800000000)
  region size 4096K, 6 young (24576K), 3 survivors (12288K)
 Metaspace       used 185306K, committed 188288K, reserved 1245184K
  class space    used 24536K, committed 25984K, reserved 1048576K

Heap Regions: E=young(eden), S=young(survivor), O=old, HS=humongous(starts), HC=humongous(continues), CS=collection set, F=free, TAMS=top-at-mark-start, PB=parsable bottom
|   0|0x0000000600000000, 0x0000000600400000, 0x0000000600400000|100%|HS|  |TAMS 0x0000000600000000| PB 0x0000000600000000| Complete 
|   1|0x0000000600400000, 0x0000000600800000, 0x0000000600800000|100%| O|  |TAMS 0x0000000600400000| PB 0x0000000600400000| Untracked 
|   2|0x0000000600800000, 0x0000000600c00000, 0x0000000600c00000|100%| O|  |TAMS 0x0000000600800000| PB 0x0000000600800000| Untracked 
|   3|0x0000000600c00000, 0x0000000600fcfc58, 0x0000000601000000| 95%| O|  |TAMS 0x0000000600c00000| PB 0x0000000600c00000| Untracked 
|   4|0x0000000601000000, 0x0000000601400000, 0x0000000601400000|100%| O|  |TAMS 0x0000000601000000| PB 0x0000000601000000| Untracked 
|   5|0x0000000601400000, 0x0000000601800000, 0x0000000601800000|100%| O|  |TAMS 0x0000000601400000| PB 0x0000000601400000| Untracked 
|   6|0x0000000601800000, 0x0000000601c00000, 0x0000000601c00000|100%| O|  |TAMS 0x0000000601800000| PB 0x0000000601800000| Untracked 
|   7|0x0000000601c00000, 0x0000000602000000, 0x0000000602000000|100%| O|  |TAMS 0x0000000601c00000| PB 0x0000000601c00000| Untracked 
|   8|0x0000000602000000, 0x0000000602400000, 0x0000000602400000|100%| O|  |TAMS 0x0000000602000000| PB 0x0000000602000000| Untracked 
|   9|0x0000000602400000, 0x0000000602800000, 0x0000000602800000|100%| O|  |TAMS 0x0000000602400000| PB 0x0000000602400000| Untracked 
|  10|0x0000000602800000, 0x0000000602c00000, 0x0000000602c00000|100%|HS|  |TAMS 0x0000000602800000| PB 0x0000000602800000| Complete 
|  11|0x0000000602c00000, 0x0000000603000000, 0x0000000603000000|100%|HS|  |TAMS 0x0000000602c00000| PB 0x0000000602c00000| Complete 
|  12|0x0000000603000000, 0x0000000603400000, 0x0000000603400000|100%| O|  |TAMS 0x0000000603000000| PB 0x0000000603000000| Untracked 
|  13|0x0000000603400000, 0x0000000603800000, 0x0000000603800000|100%| O|  |TAMS 0x0000000603400000| PB 0x0000000603400000| Untracked 
|  14|0x0000000603800000, 0x0000000603c00000, 0x0000000603c00000|100%| O|  |TAMS 0x0000000603800000| PB 0x0000000603800000| Untracked 
|  15|0x0000000603c00000, 0x0000000604000000, 0x0000000604000000|100%| O|  |TAMS 0x0000000603c00000| PB 0x0000000603c00000| Untracked 
|  16|0x0000000604000000, 0x0000000604400000, 0x0000000604400000|100%| O|  |TAMS 0x0000000604000000| PB 0x0000000604000000| Untracked 
|  17|0x0000000604400000, 0x0000000604800000, 0x0000000604800000|100%| O|  |TAMS 0x0000000604400000| PB 0x0000000604400000| Untracked 
|  18|0x0000000604800000, 0x0000000604c00000, 0x0000000604c00000|100%| O|  |TAMS 0x0000000604800000| PB 0x0000000604800000| Untracked 
|  19|0x0000000604c00000, 0x0000000605000000, 0x0000000605000000|100%| O|  |TAMS 0x0000000604c00000| PB 0x0000000604c00000| Untracked 
|  20|0x0000000605000000, 0x0000000605400000, 0x0000000605400000|100%| O|  |TAMS 0x0000000605000000| PB 0x0000000605000000| Untracked 
|  21|0x0000000605400000, 0x0000000605800000, 0x0000000605800000|100%|HS|  |TAMS 0x0000000605400000| PB 0x0000000605400000| Complete 
|  22|0x0000000605800000, 0x0000000605c00000, 0x0000000605c00000|100%| O|  |TAMS 0x0000000605800000| PB 0x0000000605800000| Untracked 
|  23|0x0000000605c00000, 0x0000000606000000, 0x0000000606000000|100%|HS|  |TAMS 0x0000000605c00000| PB 0x0000000605c00000| Complete 
|  24|0x0000000606000000, 0x0000000606400000, 0x0000000606400000|100%| O|  |TAMS 0x0000000606000000| PB 0x0000000606000000| Untracked 
|  25|0x0000000606400000, 0x0000000606800000, 0x0000000606800000|100%| O|  |TAMS 0x0000000606400000| PB 0x0000000606400000| Untracked 
|  26|0x0000000606800000, 0x0000000606c00000, 0x0000000606c00000|100%|HS|  |TAMS 0x0000000606800000| PB 0x0000000606800000| Complete 
|  27|0x0000000606c00000, 0x0000000607000000, 0x0000000607000000|100%| O|  |TAMS 0x0000000606c00000| PB 0x0000000606c00000| Untracked 
|  28|0x0000000607000000, 0x0000000607400000, 0x0000000607400000|100%| O|  |TAMS 0x0000000607000000| PB 0x0000000607000000| Untracked 
|  29|0x0000000607400000, 0x0000000607800000, 0x0000000607800000|100%| O|  |TAMS 0x0000000607400000| PB 0x0000000607400000| Untracked 
|  30|0x0000000607800000, 0x0000000607c00000, 0x0000000607c00000|100%| O|  |TAMS 0x0000000607800000| PB 0x0000000607800000| Untracked 
|  31|0x0000000607c00000, 0x0000000608000000, 0x0000000608000000|100%|HS|  |TAMS 0x0000000607c00000| PB 0x0000000607c00000| Complete 
|  32|0x0000000608000000, 0x0000000608400000, 0x0000000608400000|100%| O|  |TAMS 0x0000000608000000| PB 0x0000000608000000| Untracked 
|  33|0x0000000608400000, 0x0000000608800000, 0x0000000608800000|100%| O|  |TAMS 0x0000000608400000| PB 0x0000000608400000| Untracked 
|  34|0x0000000608800000, 0x0000000608c00000, 0x0000000608c00000|100%| O|  |TAMS 0x0000000608800000| PB 0x0000000608800000| Untracked 
|  35|0x0000000608c00000, 0x0000000609000000, 0x0000000609000000|100%| O|  |TAMS 0x0000000608c00000| PB 0x0000000608c00000| Untracked 
|  36|0x0000000609000000, 0x0000000609400000, 0x0000000609400000|100%| O|  |TAMS 0x0000000609000000| PB 0x0000000609000000| Untracked 
|  37|0x0000000609400000, 0x0000000609800000, 0x0000000609800000|100%| O|  |TAMS 0x0000000609400000| PB 0x0000000609400000| Untracked 
|  38|0x0000000609800000, 0x0000000609c00000, 0x0000000609c00000|100%| O|  |TAMS 0x0000000609800000| PB 0x0000000609800000| Untracked 
|  39|0x0000000609c00000, 0x000000060a000000, 0x000000060a000000|100%| O|  |TAMS 0x0000000609c00000| PB 0x0000000609c00000| Untracked 
|  40|0x000000060a000000, 0x000000060a400000, 0x000000060a400000|100%| O|  |TAMS 0x000000060a000000| PB 0x000000060a000000| Untracked 
|  41|0x000000060a400000, 0x000000060a800000, 0x000000060a800000|100%| O|  |TAMS 0x000000060a400000| PB 0x000000060a400000| Untracked 
|  42|0x000000060a800000, 0x000000060ac00000, 0x000000060ac00000|100%| O|  |TAMS 0x000000060a800000| PB 0x000000060a800000| Untracked 
|  43|0x000000060ac00000, 0x000000060b000000, 0x000000060b000000|100%| O|  |TAMS 0x000000060ac00000| PB 0x000000060ac00000| Untracked 
|  44|0x000000060b000000, 0x000000060b400000, 0x000000060b400000|100%| O|  |TAMS 0x000000060b000000| PB 0x000000060b000000| Untracked 
|  45|0x000000060b400000, 0x000000060b800000, 0x000000060b800000|100%| O|  |TAMS 0x000000060b400000| PB 0x000000060b400000| Untracked 
|  46|0x000000060b800000, 0x000000060bc00000, 0x000000060bc00000|100%| O|  |TAMS 0x000000060b800000| PB 0x000000060b800000| Untracked 
|  47|0x000000060bc00000, 0x000000060c000000, 0x000000060c000000|100%| O|  |TAMS 0x000000060bc00000| PB 0x000000060bc00000| Untracked 
|  48|0x000000060c000000, 0x000000060c400000, 0x000000060c400000|100%| O|  |TAMS 0x000000060c000000| PB 0x000000060c000000| Untracked 
|  49|0x000000060c400000, 0x000000060c800000, 0x000000060c800000|100%| O|  |TAMS 0x000000060c400000| PB 0x000000060c400000| Untracked 
|  50|0x000000060c800000, 0x000000060cc00000, 0x000000060cc00000|100%| O|  |TAMS 0x000000060c800000| PB 0x000000060c800000| Untracked 
|  51|0x000000060cc00000, 0x000000060d000000, 0x000000060d000000|100%| O|  |TAMS 0x000000060cc00000| PB 0x000000060cc00000| Untracked 
|  52|0x000000060d000000, 0x000000060d400000, 0x000000060d400000|100%| O|  |TAMS 0x000000060d000000| PB 0x000000060d000000| Untracked 
|  53|0x000000060d400000, 0x000000060d800000, 0x000000060d800000|100%| O|  |TAMS 0x000000060d400000| PB 0x000000060d400000| Untracked 
|  54|0x000000060d800000, 0x000000060dc00000, 0x000000060dc00000|100%| O|  |TAMS 0x000000060d800000| PB 0x000000060d800000| Untracked 
|  55|0x000000060dc00000, 0x000000060e000000, 0x000000060e000000|100%| O|  |TAMS 0x000000060dc00000| PB 0x000000060dc00000| Untracked 
|  56|0x000000060e000000, 0x000000060e400000, 0x000000060e400000|100%| O|  |TAMS 0x000000060e000000| PB 0x000000060e000000| Untracked 
|  57|0x000000060e400000, 0x000000060e800000, 0x000000060e800000|100%| O|  |TAMS 0x000000060e400000| PB 0x000000060e400000| Untracked 
|  58|0x000000060e800000, 0x000000060ec00000, 0x000000060ec00000|100%| O|  |TAMS 0x000000060e800000| PB 0x000000060e800000| Untracked 
|  59|0x000000060ec00000, 0x000000060f000000, 0x000000060f000000|100%| O|  |TAMS 0x000000060ec00000| PB 0x000000060ec00000| Untracked 
|  60|0x000000060f000000, 0x000000060f400000, 0x000000060f400000|100%| O|  |TAMS 0x000000060f000000| PB 0x000000060f000000| Untracked 
|  61|0x000000060f400000, 0x000000060f800000, 0x000000060f800000|100%| O|  |TAMS 0x000000060f400000| PB 0x000000060f400000| Untracked 
|  62|0x000000060f800000, 0x000000060fc00000, 0x000000060fc00000|100%| O|  |TAMS 0x000000060f800000| PB 0x000000060f800000| Untracked 
|  63|0x000000060fc00000, 0x0000000610000000, 0x0000000610000000|100%| O|  |TAMS 0x000000060fc00000| PB 0x000000060fc00000| Untracked 
|  64|0x0000000610000000, 0x0000000610400000, 0x0000000610400000|100%| O|  |TAMS 0x0000000610000000| PB 0x0000000610000000| Untracked 
|  65|0x0000000610400000, 0x0000000610800000, 0x0000000610800000|100%| O|  |TAMS 0x0000000610400000| PB 0x0000000610400000| Untracked 
|  66|0x0000000610800000, 0x0000000610c00000, 0x0000000610c00000|100%|HS|  |TAMS 0x0000000610800000| PB 0x0000000610800000| Complete 
|  67|0x0000000610c00000, 0x0000000611000000, 0x0000000611000000|100%|HS|  |TAMS 0x0000000610c00000| PB 0x0000000610c00000| Complete 
|  68|0x0000000611000000, 0x0000000611400000, 0x0000000611400000|100%|HC|  |TAMS 0x0000000611000000| PB 0x0000000611000000| Complete 
|  69|0x0000000611400000, 0x0000000611800000, 0x0000000611800000|100%| O|  |TAMS 0x0000000611400000| PB 0x0000000611400000| Untracked 
|  70|0x0000000611800000, 0x0000000611c00000, 0x0000000611c00000|100%| O|  |TAMS 0x0000000611800000| PB 0x0000000611800000| Untracked 
|  71|0x0000000611c00000, 0x0000000612000000, 0x0000000612000000|100%| O|  |TAMS 0x0000000611c00000| PB 0x0000000611c00000| Untracked 
|  72|0x0000000612000000, 0x0000000612400000, 0x0000000612400000|100%| O|  |TAMS 0x0000000612000000| PB 0x0000000612000000| Untracked 
|  73|0x0000000612400000, 0x0000000612800000, 0x0000000612800000|100%| O|  |TAMS 0x0000000612400000| PB 0x0000000612400000| Untracked 
|  74|0x0000000612800000, 0x0000000612c00000, 0x0000000612c00000|100%| O|  |TAMS 0x0000000612800000| PB 0x0000000612800000| Untracked 
|  75|0x0000000612c00000, 0x0000000613000000, 0x0000000613000000|100%| O|  |TAMS 0x0000000612c00000| PB 0x0000000612c00000| Untracked 
|  76|0x0000000613000000, 0x0000000613400000, 0x0000000613400000|100%| O|  |TAMS 0x0000000613000000| PB 0x0000000613000000| Untracked 
|  77|0x0000000613400000, 0x0000000613800000, 0x0000000613800000|100%| O|  |TAMS 0x0000000613400000| PB 0x0000000613400000| Untracked 
|  78|0x0000000613800000, 0x0000000613c00000, 0x0000000613c00000|100%| O|  |TAMS 0x0000000613800000| PB 0x0000000613800000| Untracked 
|  79|0x0000000613c00000, 0x0000000614000000, 0x0000000614000000|100%| O|  |TAMS 0x0000000613c00000| PB 0x0000000613c00000| Untracked 
|  80|0x0000000614000000, 0x0000000614400000, 0x0000000614400000|100%| O|  |TAMS 0x0000000614000000| PB 0x0000000614000000| Untracked 
|  81|0x0000000614400000, 0x0000000614800000, 0x0000000614800000|100%| O|  |TAMS 0x0000000614400000| PB 0x0000000614400000| Untracked 
|  82|0x0000000614800000, 0x0000000614c00000, 0x0000000614c00000|100%| O|  |TAMS 0x0000000614800000| PB 0x0000000614800000| Untracked 
|  83|0x0000000614c00000, 0x0000000615000000, 0x0000000615000000|100%| O|  |TAMS 0x0000000614c00000| PB 0x0000000614c00000| Untracked 
|  84|0x0000000615000000, 0x0000000615400000, 0x0000000615400000|100%| O|  |TAMS 0x0000000615000000| PB 0x0000000615000000| Untracked 
|  85|0x0000000615400000, 0x0000000615800000, 0x0000000615800000|100%| O|  |TAMS 0x0000000615400000| PB 0x0000000615400000| Untracked 
|  86|0x0000000615800000, 0x0000000615c00000, 0x0000000615c00000|100%| O|  |TAMS 0x0000000615800000| PB 0x0000000615800000| Untracked 
|  87|0x0000000615c00000, 0x0000000616000000, 0x0000000616000000|100%| O|  |TAMS 0x0000000615c00000| PB 0x0000000615c00000| Untracked 
|  88|0x0000000616000000, 0x0000000616400000, 0x0000000616400000|100%| O|  |TAMS 0x0000000616000000| PB 0x0000000616000000| Untracked 
|  89|0x0000000616400000, 0x0000000616800000, 0x0000000616800000|100%| O|  |TAMS 0x0000000616400000| PB 0x0000000616400000| Untracked 
|  90|0x0000000616800000, 0x0000000616c00000, 0x0000000616c00000|100%| O|  |TAMS 0x0000000616800000| PB 0x0000000616800000| Untracked 
|  91|0x0000000616c00000, 0x0000000617000000, 0x0000000617000000|100%| O|  |TAMS 0x0000000616c00000| PB 0x0000000616c00000| Untracked 
|  92|0x0000000617000000, 0x0000000617400000, 0x0000000617400000|100%| O|  |TAMS 0x0000000617000000| PB 0x0000000617000000| Untracked 
|  93|0x0000000617400000, 0x0000000617800000, 0x0000000617800000|100%| O|  |TAMS 0x0000000617400000| PB 0x0000000617400000| Untracked 
|  94|0x0000000617800000, 0x0000000617c00000, 0x0000000617c00000|100%| O|  |TAMS 0x0000000617800000| PB 0x0000000617800000| Untracked 
|  95|0x0000000617c00000, 0x0000000618000000, 0x0000000618000000|100%| O|  |TAMS 0x0000000617c00000| PB 0x0000000617c00000| Untracked 
|  96|0x0000000618000000, 0x0000000618400000, 0x0000000618400000|100%| O|  |TAMS 0x0000000618000000| PB 0x0000000618000000| Untracked 
|  97|0x0000000618400000, 0x0000000618800000, 0x0000000618800000|100%| O|Cm|TAMS 0x0000000618400000| PB 0x0000000618400000| Complete 
|  98|0x0000000618800000, 0x0000000618c00000, 0x0000000618c00000|100%| O|  |TAMS 0x0000000618800000| PB 0x0000000618800000| Untracked 
|  99|0x0000000618c00000, 0x0000000619000000, 0x0000000619000000|100%| O|  |TAMS 0x0000000618c00000| PB 0x0000000618c00000| Untracked 
| 100|0x0000000619000000, 0x0000000619400000, 0x0000000619400000|100%| O|  |TAMS 0x0000000619000000| PB 0x0000000619000000| Untracked 
| 101|0x0000000619400000, 0x0000000619800000, 0x0000000619800000|100%| O|  |TAMS 0x0000000619400000| PB 0x0000000619400000| Untracked 
| 102|0x0000000619800000, 0x0000000619c00000, 0x0000000619c00000|100%| O|  |TAMS 0x0000000619800000| PB 0x0000000619800000| Untracked 
| 103|0x0000000619c00000, 0x000000061a000000, 0x000000061a000000|100%| O|  |TAMS 0x0000000619c00000| PB 0x0000000619c00000| Untracked 
| 104|0x000000061a000000, 0x000000061a400000, 0x000000061a400000|100%| O|  |TAMS 0x000000061a000000| PB 0x000000061a000000| Untracked 
| 105|0x000000061a400000, 0x000000061a400000, 0x000000061a800000|  0%| F|  |TAMS 0x000000061a400000| PB 0x000000061a400000| Untracked 
| 106|0x000000061a800000, 0x000000061ac00000, 0x000000061ac00000|100%| O|  |TAMS 0x000000061a800000| PB 0x000000061a800000| Untracked 
| 107|0x000000061ac00000, 0x000000061b000000, 0x000000061b000000|100%| O|  |TAMS 0x000000061ac00000| PB 0x000000061ac00000| Untracked 
| 108|0x000000061b000000, 0x000000061b400000, 0x000000061b400000|100%| O|  |TAMS 0x000000061b000000| PB 0x000000061b000000| Untracked 
| 109|0x000000061b400000, 0x000000061b800000, 0x000000061b800000|100%| O|  |TAMS 0x000000061b400000| PB 0x000000061b400000| Untracked 
| 110|0x000000061b800000, 0x000000061bc00000, 0x000000061bc00000|100%| O|  |TAMS 0x000000061b800000| PB 0x000000061b800000| Untracked 
| 111|0x000000061bc00000, 0x000000061c000000, 0x000000061c000000|100%| O|  |TAMS 0x000000061bc00000| PB 0x000000061bc00000| Untracked 
| 112|0x000000061c000000, 0x000000061c400000, 0x000000061c400000|100%| O|  |TAMS 0x000000061c000000| PB 0x000000061c000000| Untracked 
| 113|0x000000061c400000, 0x000000061c800000, 0x000000061c800000|100%| O|  |TAMS 0x000000061c400000| PB 0x000000061c400000| Untracked 
| 114|0x000000061c800000, 0x000000061cc00000, 0x000000061cc00000|100%| O|  |TAMS 0x000000061c800000| PB 0x000000061c800000| Untracked 
| 115|0x000000061cc00000, 0x000000061d000000, 0x000000061d000000|100%| O|  |TAMS 0x000000061cc00000| PB 0x000000061cc00000| Untracked 
| 116|0x000000061d000000, 0x000000061d400000, 0x000000061d400000|100%| O|  |TAMS 0x000000061d000000| PB 0x000000061d000000| Untracked 
| 117|0x000000061d400000, 0x000000061d800000, 0x000000061d800000|100%| O|  |TAMS 0x000000061d400000| PB 0x000000061d400000| Untracked 
| 118|0x000000061d800000, 0x000000061dc00000, 0x000000061dc00000|100%| O|Cm|TAMS 0x000000061d800000| PB 0x000000061d800000| Complete 
| 119|0x000000061dc00000, 0x000000061e000000, 0x000000061e000000|100%| O|  |TAMS 0x000000061dc00000| PB 0x000000061dc00000| Untracked 
| 120|0x000000061e000000, 0x000000061e400000, 0x000000061e400000|100%| O|  |TAMS 0x000000061e000000| PB 0x000000061e000000| Untracked 
| 121|0x000000061e400000, 0x000000061e800000, 0x000000061e800000|100%| O|  |TAMS 0x000000061e400000| PB 0x000000061e400000| Untracked 
| 122|0x000000061e800000, 0x000000061ec00000, 0x000000061ec00000|100%| O|  |TAMS 0x000000061e800000| PB 0x000000061e800000| Untracked 
| 123|0x000000061ec00000, 0x000000061f000000, 0x000000061f000000|100%| O|  |TAMS 0x000000061ec00000| PB 0x000000061ec00000| Untracked 
| 124|0x000000061f000000, 0x000000061f000000, 0x000000061f400000|  0%| F|  |TAMS 0x000000061f000000| PB 0x000000061f000000| Untracked 
| 125|0x000000061f400000, 0x000000061f800000, 0x000000061f800000|100%| O|  |TAMS 0x000000061f400000| PB 0x000000061f400000| Untracked 
| 126|0x000000061f800000, 0x000000061fc00000, 0x000000061fc00000|100%| O|  |TAMS 0x000000061f800000| PB 0x000000061f800000| Untracked 
| 127|0x000000061fc00000, 0x0000000620000000, 0x0000000620000000|100%| O|  |TAMS 0x000000061fc00000| PB 0x000000061fc00000| Untracked 
| 128|0x0000000620000000, 0x0000000620400000, 0x0000000620400000|100%| O|  |TAMS 0x0000000620000000| PB 0x0000000620000000| Untracked 
| 129|0x0000000620400000, 0x0000000620800000, 0x0000000620800000|100%| O|  |TAMS 0x0000000620400000| PB 0x0000000620400000| Untracked 
| 130|0x0000000620800000, 0x0000000620c00000, 0x0000000620c00000|100%| O|  |TAMS 0x0000000620800000| PB 0x0000000620800000| Untracked 
| 131|0x0000000620c00000, 0x0000000621000000, 0x0000000621000000|100%| O|  |TAMS 0x0000000620c00000| PB 0x0000000620c00000| Untracked 
| 132|0x0000000621000000, 0x0000000621400000, 0x0000000621400000|100%| O|  |TAMS 0x0000000621000000| PB 0x0000000621000000| Untracked 
| 133|0x0000000621400000, 0x0000000621800000, 0x0000000621800000|100%| O|  |TAMS 0x0000000621400000| PB 0x0000000621400000| Untracked 
| 134|0x0000000621800000, 0x0000000621c00000, 0x0000000621c00000|100%| O|  |TAMS 0x0000000621800000| PB 0x0000000621800000| Untracked 
| 135|0x0000000621c00000, 0x0000000622000000, 0x0000000622000000|100%| O|  |TAMS 0x0000000621c00000| PB 0x0000000621c00000| Untracked 
| 136|0x0000000622000000, 0x0000000622400000, 0x0000000622400000|100%| O|  |TAMS 0x0000000622000000| PB 0x0000000622000000| Untracked 
| 137|0x0000000622400000, 0x0000000622676be0, 0x0000000622800000| 61%| O|  |TAMS 0x0000000622400000| PB 0x0000000622400000| Untracked 
| 138|0x0000000622800000, 0x0000000622800000, 0x0000000622c00000|  0%| F|  |TAMS 0x0000000622800000| PB 0x0000000622800000| Untracked 
| 139|0x0000000622c00000, 0x0000000622c00000, 0x0000000623000000|  0%| F|  |TAMS 0x0000000622c00000| PB 0x0000000622c00000| Untracked 
| 140|0x0000000623000000, 0x0000000623000000, 0x0000000623400000|  0%| F|  |TAMS 0x0000000623000000| PB 0x0000000623000000| Untracked 
| 141|0x0000000623400000, 0x0000000623400000, 0x0000000623800000|  0%| F|  |TAMS 0x0000000623400000| PB 0x0000000623400000| Untracked 
| 142|0x0000000623800000, 0x0000000623800000, 0x0000000623c00000|  0%| F|  |TAMS 0x0000000623800000| PB 0x0000000623800000| Untracked 
| 143|0x0000000623c00000, 0x0000000623c00000, 0x0000000624000000|  0%| F|  |TAMS 0x0000000623c00000| PB 0x0000000623c00000| Untracked 
| 144|0x0000000624000000, 0x0000000624000000, 0x0000000624400000|  0%| F|  |TAMS 0x0000000624000000| PB 0x0000000624000000| Untracked 
| 145|0x0000000624400000, 0x0000000624400000, 0x0000000624800000|  0%| F|  |TAMS 0x0000000624400000| PB 0x0000000624400000| Untracked 
| 146|0x0000000624800000, 0x0000000624800000, 0x0000000624c00000|  0%| F|  |TAMS 0x0000000624800000| PB 0x0000000624800000| Untracked 
| 147|0x0000000624c00000, 0x0000000624c00000, 0x0000000625000000|  0%| F|  |TAMS 0x0000000624c00000| PB 0x0000000624c00000| Untracked 
| 148|0x0000000625000000, 0x0000000625000000, 0x0000000625400000|  0%| F|  |TAMS 0x0000000625000000| PB 0x0000000625000000| Untracked 
| 149|0x0000000625400000, 0x0000000625400000, 0x0000000625800000|  0%| F|  |TAMS 0x0000000625400000| PB 0x0000000625400000| Untracked 
| 150|0x0000000625800000, 0x0000000625800000, 0x0000000625c00000|  0%| F|  |TAMS 0x0000000625800000| PB 0x0000000625800000| Untracked 
| 151|0x0000000625c00000, 0x0000000625c00000, 0x0000000626000000|  0%| F|  |TAMS 0x0000000625c00000| PB 0x0000000625c00000| Untracked 
| 152|0x0000000626000000, 0x0000000626000000, 0x0000000626400000|  0%| F|  |TAMS 0x0000000626000000| PB 0x0000000626000000| Untracked 
| 153|0x0000000626400000, 0x0000000626400000, 0x0000000626800000|  0%| F|  |TAMS 0x0000000626400000| PB 0x0000000626400000| Untracked 
| 154|0x0000000626800000, 0x0000000626800000, 0x0000000626c00000|  0%| F|  |TAMS 0x0000000626800000| PB 0x0000000626800000| Untracked 
| 155|0x0000000626c00000, 0x0000000626c00000, 0x0000000627000000|  0%| F|  |TAMS 0x0000000626c00000| PB 0x0000000626c00000| Untracked 
| 156|0x0000000627000000, 0x0000000627000000, 0x0000000627400000|  0%| F|  |TAMS 0x0000000627000000| PB 0x0000000627000000| Untracked 
| 157|0x0000000627400000, 0x0000000627400000, 0x0000000627800000|  0%| F|  |TAMS 0x0000000627400000| PB 0x0000000627400000| Untracked 
| 158|0x0000000627800000, 0x0000000627800000, 0x0000000627c00000|  0%| F|  |TAMS 0x0000000627800000| PB 0x0000000627800000| Untracked 
| 159|0x0000000627c00000, 0x0000000627c00000, 0x0000000628000000|  0%| F|  |TAMS 0x0000000627c00000| PB 0x0000000627c00000| Untracked 
| 160|0x0000000628000000, 0x0000000628000000, 0x0000000628400000|  0%| F|  |TAMS 0x0000000628000000| PB 0x0000000628000000| Untracked 
| 161|0x0000000628400000, 0x0000000628400000, 0x0000000628800000|  0%| F|  |TAMS 0x0000000628400000| PB 0x0000000628400000| Untracked 
| 162|0x0000000628800000, 0x0000000628800000, 0x0000000628c00000|  0%| F|  |TAMS 0x0000000628800000| PB 0x0000000628800000| Untracked 
| 163|0x0000000628c00000, 0x0000000628c00000, 0x0000000629000000|  0%| F|  |TAMS 0x0000000628c00000| PB 0x0000000628c00000| Untracked 
| 164|0x0000000629000000, 0x0000000629000000, 0x0000000629400000|  0%| F|  |TAMS 0x0000000629000000| PB 0x0000000629000000| Untracked 
| 165|0x0000000629400000, 0x0000000629400000, 0x0000000629800000|  0%| F|  |TAMS 0x0000000629400000| PB 0x0000000629400000| Untracked 
| 166|0x0000000629800000, 0x0000000629800000, 0x0000000629c00000|  0%| F|  |TAMS 0x0000000629800000| PB 0x0000000629800000| Untracked 
| 167|0x0000000629c00000, 0x0000000629c00000, 0x000000062a000000|  0%| F|  |TAMS 0x0000000629c00000| PB 0x0000000629c00000| Untracked 
| 168|0x000000062a000000, 0x000000062a000000, 0x000000062a400000|  0%| F|  |TAMS 0x000000062a000000| PB 0x000000062a000000| Untracked 
| 169|0x000000062a400000, 0x000000062a400000, 0x000000062a800000|  0%| F|  |TAMS 0x000000062a400000| PB 0x000000062a400000| Untracked 
| 170|0x000000062a800000, 0x000000062a800000, 0x000000062ac00000|  0%| F|  |TAMS 0x000000062a800000| PB 0x000000062a800000| Untracked 
| 171|0x000000062ac00000, 0x000000062ac00000, 0x000000062b000000|  0%| F|  |TAMS 0x000000062ac00000| PB 0x000000062ac00000| Untracked 
| 172|0x000000062b000000, 0x000000062b000000, 0x000000062b400000|  0%| F|  |TAMS 0x000000062b000000| PB 0x000000062b000000| Untracked 
| 173|0x000000062b400000, 0x000000062b400000, 0x000000062b800000|  0%| F|  |TAMS 0x000000062b400000| PB 0x000000062b400000| Untracked 
| 174|0x000000062b800000, 0x000000062b800000, 0x000000062bc00000|  0%| F|  |TAMS 0x000000062b800000| PB 0x000000062b800000| Untracked 
| 175|0x000000062bc00000, 0x000000062bc00000, 0x000000062c000000|  0%| F|  |TAMS 0x000000062bc00000| PB 0x000000062bc00000| Untracked 
| 176|0x000000062c000000, 0x000000062c000000, 0x000000062c400000|  0%| F|  |TAMS 0x000000062c000000| PB 0x000000062c000000| Untracked 
| 177|0x000000062c400000, 0x000000062c400000, 0x000000062c800000|  0%| F|  |TAMS 0x000000062c400000| PB 0x000000062c400000| Untracked 
| 178|0x000000062c800000, 0x000000062c800000, 0x000000062cc00000|  0%| F|  |TAMS 0x000000062c800000| PB 0x000000062c800000| Untracked 
| 179|0x000000062cc00000, 0x000000062cc00000, 0x000000062d000000|  0%| F|  |TAMS 0x000000062cc00000| PB 0x000000062cc00000| Untracked 
| 180|0x000000062d000000, 0x000000062d000000, 0x000000062d400000|  0%| F|  |TAMS 0x000000062d000000| PB 0x000000062d000000| Untracked 
| 181|0x000000062d400000, 0x000000062d400000, 0x000000062d800000|  0%| F|  |TAMS 0x000000062d400000| PB 0x000000062d400000| Untracked 
| 182|0x000000062d800000, 0x000000062d800000, 0x000000062dc00000|  0%| F|  |TAMS 0x000000062d800000| PB 0x000000062d800000| Untracked 
| 183|0x000000062dc00000, 0x000000062dc00000, 0x000000062e000000|  0%| F|  |TAMS 0x000000062dc00000| PB 0x000000062dc00000| Untracked 
| 184|0x000000062e000000, 0x000000062e000000, 0x000000062e400000|  0%| F|  |TAMS 0x000000062e000000| PB 0x000000062e000000| Untracked 
| 185|0x000000062e400000, 0x000000062e400000, 0x000000062e800000|  0%| F|  |TAMS 0x000000062e400000| PB 0x000000062e400000| Untracked 
| 186|0x000000062e800000, 0x000000062e800000, 0x000000062ec00000|  0%| F|  |TAMS 0x000000062e800000| PB 0x000000062e800000| Untracked 
| 187|0x000000062ec00000, 0x000000062ec00000, 0x000000062f000000|  0%| F|  |TAMS 0x000000062ec00000| PB 0x000000062ec00000| Untracked 
| 188|0x000000062f000000, 0x000000062f000000, 0x000000062f400000|  0%| F|  |TAMS 0x000000062f000000| PB 0x000000062f000000| Untracked 
| 189|0x000000062f400000, 0x000000062f400000, 0x000000062f800000|  0%| F|  |TAMS 0x000000062f400000| PB 0x000000062f400000| Untracked 
| 190|0x000000062f800000, 0x000000062f800000, 0x000000062fc00000|  0%| F|  |TAMS 0x000000062f800000| PB 0x000000062f800000| Untracked 
| 191|0x000000062fc00000, 0x000000062fc00000, 0x0000000630000000|  0%| F|  |TAMS 0x000000062fc00000| PB 0x000000062fc00000| Untracked 
| 192|0x0000000630000000, 0x0000000630000000, 0x0000000630400000|  0%| F|  |TAMS 0x0000000630000000| PB 0x0000000630000000| Untracked 
| 193|0x0000000630400000, 0x0000000630400000, 0x0000000630800000|  0%| F|  |TAMS 0x0000000630400000| PB 0x0000000630400000| Untracked 
| 194|0x0000000630800000, 0x0000000630800000, 0x0000000630c00000|  0%| F|  |TAMS 0x0000000630800000| PB 0x0000000630800000| Untracked 
| 195|0x0000000630c00000, 0x0000000630c00000, 0x0000000631000000|  0%| F|  |TAMS 0x0000000630c00000| PB 0x0000000630c00000| Untracked 
| 196|0x0000000631000000, 0x0000000631000000, 0x0000000631400000|  0%| F|  |TAMS 0x0000000631000000| PB 0x0000000631000000| Untracked 
| 197|0x0000000631400000, 0x0000000631400000, 0x0000000631800000|  0%| F|  |TAMS 0x0000000631400000| PB 0x0000000631400000| Untracked 
| 198|0x0000000631800000, 0x0000000631800000, 0x0000000631c00000|  0%| F|  |TAMS 0x0000000631800000| PB 0x0000000631800000| Untracked 
| 199|0x0000000631c00000, 0x0000000631c00000, 0x0000000632000000|  0%| F|  |TAMS 0x0000000631c00000| PB 0x0000000631c00000| Untracked 
| 200|0x0000000632000000, 0x0000000632000000, 0x0000000632400000|  0%| F|  |TAMS 0x0000000632000000| PB 0x0000000632000000| Untracked 
| 201|0x0000000632400000, 0x0000000632400000, 0x0000000632800000|  0%| F|  |TAMS 0x0000000632400000| PB 0x0000000632400000| Untracked 
| 202|0x0000000632800000, 0x0000000632800000, 0x0000000632c00000|  0%| F|  |TAMS 0x0000000632800000| PB 0x0000000632800000| Untracked 
| 203|0x0000000632c00000, 0x0000000632c00000, 0x0000000633000000|  0%| F|  |TAMS 0x0000000632c00000| PB 0x0000000632c00000| Untracked 
| 204|0x0000000633000000, 0x0000000633000000, 0x0000000633400000|  0%| F|  |TAMS 0x0000000633000000| PB 0x0000000633000000| Untracked 
| 205|0x0000000633400000, 0x0000000633400000, 0x0000000633800000|  0%| F|  |TAMS 0x0000000633400000| PB 0x0000000633400000| Untracked 
| 206|0x0000000633800000, 0x0000000633800000, 0x0000000633c00000|  0%| F|  |TAMS 0x0000000633800000| PB 0x0000000633800000| Untracked 
| 207|0x0000000633c00000, 0x0000000633c00000, 0x0000000634000000|  0%| F|  |TAMS 0x0000000633c00000| PB 0x0000000633c00000| Untracked 
| 208|0x0000000634000000, 0x0000000634000000, 0x0000000634400000|  0%| F|  |TAMS 0x0000000634000000| PB 0x0000000634000000| Untracked 
| 209|0x0000000634400000, 0x0000000634400000, 0x0000000634800000|  0%| F|  |TAMS 0x0000000634400000| PB 0x0000000634400000| Untracked 
| 210|0x0000000634800000, 0x0000000634800000, 0x0000000634c00000|  0%| F|  |TAMS 0x0000000634800000| PB 0x0000000634800000| Untracked 
| 211|0x0000000634c00000, 0x0000000634c00000, 0x0000000635000000|  0%| F|  |TAMS 0x0000000634c00000| PB 0x0000000634c00000| Untracked 
| 212|0x0000000635000000, 0x0000000635000000, 0x0000000635400000|  0%| F|  |TAMS 0x0000000635000000| PB 0x0000000635000000| Untracked 
| 213|0x0000000635400000, 0x0000000635400000, 0x0000000635800000|  0%| F|  |TAMS 0x0000000635400000| PB 0x0000000635400000| Untracked 
| 214|0x0000000635800000, 0x0000000635800000, 0x0000000635c00000|  0%| F|  |TAMS 0x0000000635800000| PB 0x0000000635800000| Untracked 
| 215|0x0000000635c00000, 0x0000000635c00000, 0x0000000636000000|  0%| F|  |TAMS 0x0000000635c00000| PB 0x0000000635c00000| Untracked 
| 216|0x0000000636000000, 0x0000000636000000, 0x0000000636400000|  0%| F|  |TAMS 0x0000000636000000| PB 0x0000000636000000| Untracked 
| 217|0x0000000636400000, 0x0000000636400000, 0x0000000636800000|  0%| F|  |TAMS 0x0000000636400000| PB 0x0000000636400000| Untracked 
| 218|0x0000000636800000, 0x0000000636800000, 0x0000000636c00000|  0%| F|  |TAMS 0x0000000636800000| PB 0x0000000636800000| Untracked 
| 219|0x0000000636c00000, 0x0000000636c00000, 0x0000000637000000|  0%| F|  |TAMS 0x0000000636c00000| PB 0x0000000636c00000| Untracked 
| 220|0x0000000637000000, 0x0000000637000000, 0x0000000637400000|  0%| F|  |TAMS 0x0000000637000000| PB 0x0000000637000000| Untracked 
| 221|0x0000000637400000, 0x0000000637400000, 0x0000000637800000|  0%| F|  |TAMS 0x0000000637400000| PB 0x0000000637400000| Untracked 
| 222|0x0000000637800000, 0x0000000637800000, 0x0000000637c00000|  0%| F|  |TAMS 0x0000000637800000| PB 0x0000000637800000| Untracked 
| 223|0x0000000637c00000, 0x0000000637c00000, 0x0000000638000000|  0%| F|  |TAMS 0x0000000637c00000| PB 0x0000000637c00000| Untracked 
| 224|0x0000000638000000, 0x0000000638000000, 0x0000000638400000|  0%| F|  |TAMS 0x0000000638000000| PB 0x0000000638000000| Untracked 
| 225|0x0000000638400000, 0x0000000638400000, 0x0000000638800000|  0%| F|  |TAMS 0x0000000638400000| PB 0x0000000638400000| Untracked 
| 226|0x0000000638800000, 0x0000000638800000, 0x0000000638c00000|  0%| F|  |TAMS 0x0000000638800000| PB 0x0000000638800000| Untracked 
| 227|0x0000000638c00000, 0x0000000638c00000, 0x0000000639000000|  0%| F|  |TAMS 0x0000000638c00000| PB 0x0000000638c00000| Untracked 
| 228|0x0000000639000000, 0x0000000639000000, 0x0000000639400000|  0%| F|  |TAMS 0x0000000639000000| PB 0x0000000639000000| Untracked 
| 229|0x0000000639400000, 0x0000000639400000, 0x0000000639800000|  0%| F|  |TAMS 0x0000000639400000| PB 0x0000000639400000| Untracked 
| 230|0x0000000639800000, 0x0000000639800000, 0x0000000639c00000|  0%| F|  |TAMS 0x0000000639800000| PB 0x0000000639800000| Untracked 
| 231|0x0000000639c00000, 0x0000000639c00000, 0x000000063a000000|  0%| F|  |TAMS 0x0000000639c00000| PB 0x0000000639c00000| Untracked 
| 232|0x000000063a000000, 0x000000063a000000, 0x000000063a400000|  0%| F|  |TAMS 0x000000063a000000| PB 0x000000063a000000| Untracked 
| 233|0x000000063a400000, 0x000000063a400000, 0x000000063a800000|  0%| F|  |TAMS 0x000000063a400000| PB 0x000000063a400000| Untracked 
| 234|0x000000063a800000, 0x000000063a800000, 0x000000063ac00000|  0%| F|  |TAMS 0x000000063a800000| PB 0x000000063a800000| Untracked 
| 235|0x000000063ac00000, 0x000000063ac00000, 0x000000063b000000|  0%| F|  |TAMS 0x000000063ac00000| PB 0x000000063ac00000| Untracked 
| 236|0x000000063b000000, 0x000000063b000000, 0x000000063b400000|  0%| F|  |TAMS 0x000000063b000000| PB 0x000000063b000000| Untracked 
| 237|0x000000063b400000, 0x000000063b400000, 0x000000063b800000|  0%| F|  |TAMS 0x000000063b400000| PB 0x000000063b400000| Untracked 
| 238|0x000000063b800000, 0x000000063b800000, 0x000000063bc00000|  0%| F|  |TAMS 0x000000063b800000| PB 0x000000063b800000| Untracked 
| 239|0x000000063bc00000, 0x000000063bc00000, 0x000000063c000000|  0%| F|  |TAMS 0x000000063bc00000| PB 0x000000063bc00000| Untracked 
| 240|0x000000063c000000, 0x000000063c000000, 0x000000063c400000|  0%| F|  |TAMS 0x000000063c000000| PB 0x000000063c000000| Untracked 
| 241|0x000000063c400000, 0x000000063c400000, 0x000000063c800000|  0%| F|  |TAMS 0x000000063c400000| PB 0x000000063c400000| Untracked 
| 242|0x000000063c800000, 0x000000063c800000, 0x000000063cc00000|  0%| F|  |TAMS 0x000000063c800000| PB 0x000000063c800000| Untracked 
| 243|0x000000063cc00000, 0x000000063cc00000, 0x000000063d000000|  0%| F|  |TAMS 0x000000063cc00000| PB 0x000000063cc00000| Untracked 
| 244|0x000000063d000000, 0x000000063d000000, 0x000000063d400000|  0%| F|  |TAMS 0x000000063d000000| PB 0x000000063d000000| Untracked 
| 245|0x000000063d400000, 0x000000063d400000, 0x000000063d800000|  0%| F|  |TAMS 0x000000063d400000| PB 0x000000063d400000| Untracked 
| 246|0x000000063d800000, 0x000000063d800000, 0x000000063dc00000|  0%| F|  |TAMS 0x000000063d800000| PB 0x000000063d800000| Untracked 
| 247|0x000000063dc00000, 0x000000063dc00000, 0x000000063e000000|  0%| F|  |TAMS 0x000000063dc00000| PB 0x000000063dc00000| Untracked 
| 248|0x000000063e000000, 0x000000063e000000, 0x000000063e400000|  0%| F|  |TAMS 0x000000063e000000| PB 0x000000063e000000| Untracked 
| 249|0x000000063e400000, 0x000000063e400000, 0x000000063e800000|  0%| F|  |TAMS 0x000000063e400000| PB 0x000000063e400000| Untracked 
| 250|0x000000063e800000, 0x000000063e800000, 0x000000063ec00000|  0%| F|  |TAMS 0x000000063e800000| PB 0x000000063e800000| Untracked 
| 251|0x000000063ec00000, 0x000000063ec00000, 0x000000063f000000|  0%| F|  |TAMS 0x000000063ec00000| PB 0x000000063ec00000| Untracked 
| 252|0x000000063f000000, 0x000000063f000000, 0x000000063f400000|  0%| F|  |TAMS 0x000000063f000000| PB 0x000000063f000000| Untracked 
| 253|0x000000063f400000, 0x000000063f400000, 0x000000063f800000|  0%| F|  |TAMS 0x000000063f400000| PB 0x000000063f400000| Untracked 
| 254|0x000000063f800000, 0x000000063f800000, 0x000000063fc00000|  0%| F|  |TAMS 0x000000063f800000| PB 0x000000063f800000| Untracked 
| 255|0x000000063fc00000, 0x000000063fc00000, 0x0000000640000000|  0%| F|  |TAMS 0x000000063fc00000| PB 0x000000063fc00000| Untracked 
| 256|0x0000000640000000, 0x0000000640000000, 0x0000000640400000|  0%| F|  |TAMS 0x0000000640000000| PB 0x0000000640000000| Untracked 
| 257|0x0000000640400000, 0x0000000640400000, 0x0000000640800000|  0%| F|  |TAMS 0x0000000640400000| PB 0x0000000640400000| Untracked 
| 258|0x0000000640800000, 0x0000000640800000, 0x0000000640c00000|  0%| F|  |TAMS 0x0000000640800000| PB 0x0000000640800000| Untracked 
| 259|0x0000000640c00000, 0x0000000640c00000, 0x0000000641000000|  0%| F|  |TAMS 0x0000000640c00000| PB 0x0000000640c00000| Untracked 
| 260|0x0000000641000000, 0x0000000641000000, 0x0000000641400000|  0%| F|  |TAMS 0x0000000641000000| PB 0x0000000641000000| Untracked 
| 261|0x0000000641400000, 0x0000000641400000, 0x0000000641800000|  0%| F|  |TAMS 0x0000000641400000| PB 0x0000000641400000| Untracked 
| 262|0x0000000641800000, 0x0000000641800000, 0x0000000641c00000|  0%| F|  |TAMS 0x0000000641800000| PB 0x0000000641800000| Untracked 
| 263|0x0000000641c00000, 0x0000000641c00000, 0x0000000642000000|  0%| F|  |TAMS 0x0000000641c00000| PB 0x0000000641c00000| Untracked 
| 264|0x0000000642000000, 0x0000000642000000, 0x0000000642400000|  0%| F|  |TAMS 0x0000000642000000| PB 0x0000000642000000| Untracked 
| 265|0x0000000642400000, 0x0000000642400000, 0x0000000642800000|  0%| F|  |TAMS 0x0000000642400000| PB 0x0000000642400000| Untracked 
| 266|0x0000000642800000, 0x0000000642800000, 0x0000000642c00000|  0%| F|  |TAMS 0x0000000642800000| PB 0x0000000642800000| Untracked 
| 267|0x0000000642c00000, 0x0000000642c00000, 0x0000000643000000|  0%| F|  |TAMS 0x0000000642c00000| PB 0x0000000642c00000| Untracked 
| 268|0x0000000643000000, 0x0000000643000000, 0x0000000643400000|  0%| F|  |TAMS 0x0000000643000000| PB 0x0000000643000000| Untracked 
| 269|0x0000000643400000, 0x0000000643400000, 0x0000000643800000|  0%| F|  |TAMS 0x0000000643400000| PB 0x0000000643400000| Untracked 
| 270|0x0000000643800000, 0x0000000643800000, 0x0000000643c00000|  0%| F|  |TAMS 0x0000000643800000| PB 0x0000000643800000| Untracked 
| 271|0x0000000643c00000, 0x0000000643c00000, 0x0000000644000000|  0%| F|  |TAMS 0x0000000643c00000| PB 0x0000000643c00000| Untracked 
| 272|0x0000000644000000, 0x0000000644000000, 0x0000000644400000|  0%| F|  |TAMS 0x0000000644000000| PB 0x0000000644000000| Untracked 
| 273|0x0000000644400000, 0x0000000644400000, 0x0000000644800000|  0%| F|  |TAMS 0x0000000644400000| PB 0x0000000644400000| Untracked 
| 274|0x0000000644800000, 0x0000000644800000, 0x0000000644c00000|  0%| F|  |TAMS 0x0000000644800000| PB 0x0000000644800000| Untracked 
| 275|0x0000000644c00000, 0x0000000644c00000, 0x0000000645000000|  0%| F|  |TAMS 0x0000000644c00000| PB 0x0000000644c00000| Untracked 
| 276|0x0000000645000000, 0x0000000645000000, 0x0000000645400000|  0%| F|  |TAMS 0x0000000645000000| PB 0x0000000645000000| Untracked 
| 277|0x0000000645400000, 0x0000000645400000, 0x0000000645800000|  0%| F|  |TAMS 0x0000000645400000| PB 0x0000000645400000| Untracked 
| 278|0x0000000645800000, 0x0000000645800000, 0x0000000645c00000|  0%| F|  |TAMS 0x0000000645800000| PB 0x0000000645800000| Untracked 
| 279|0x0000000645c00000, 0x0000000645c00000, 0x0000000646000000|  0%| F|  |TAMS 0x0000000645c00000| PB 0x0000000645c00000| Untracked 
| 280|0x0000000646000000, 0x0000000646000000, 0x0000000646400000|  0%| F|  |TAMS 0x0000000646000000| PB 0x0000000646000000| Untracked 
| 281|0x0000000646400000, 0x0000000646400000, 0x0000000646800000|  0%| F|  |TAMS 0x0000000646400000| PB 0x0000000646400000| Untracked 
| 282|0x0000000646800000, 0x0000000646800000, 0x0000000646c00000|  0%| F|  |TAMS 0x0000000646800000| PB 0x0000000646800000| Untracked 
| 283|0x0000000646c00000, 0x0000000646c00000, 0x0000000647000000|  0%| F|  |TAMS 0x0000000646c00000| PB 0x0000000646c00000| Untracked 
| 284|0x0000000647000000, 0x0000000647000000, 0x0000000647400000|  0%| F|  |TAMS 0x0000000647000000| PB 0x0000000647000000| Untracked 
| 285|0x0000000647400000, 0x0000000647400000, 0x0000000647800000|  0%| F|  |TAMS 0x0000000647400000| PB 0x0000000647400000| Untracked 
| 286|0x0000000647800000, 0x0000000647800000, 0x0000000647c00000|  0%| F|  |TAMS 0x0000000647800000| PB 0x0000000647800000| Untracked 
| 287|0x0000000647c00000, 0x0000000647c00000, 0x0000000648000000|  0%| F|  |TAMS 0x0000000647c00000| PB 0x0000000647c00000| Untracked 
| 288|0x0000000648000000, 0x0000000648000000, 0x0000000648400000|  0%| F|  |TAMS 0x0000000648000000| PB 0x0000000648000000| Untracked 
| 289|0x0000000648400000, 0x0000000648400000, 0x0000000648800000|  0%| F|  |TAMS 0x0000000648400000| PB 0x0000000648400000| Untracked 
| 290|0x0000000648800000, 0x0000000648800000, 0x0000000648c00000|  0%| F|  |TAMS 0x0000000648800000| PB 0x0000000648800000| Untracked 
| 291|0x0000000648c00000, 0x0000000648c00000, 0x0000000649000000|  0%| F|  |TAMS 0x0000000648c00000| PB 0x0000000648c00000| Untracked 
| 292|0x0000000649000000, 0x0000000649000000, 0x0000000649400000|  0%| F|  |TAMS 0x0000000649000000| PB 0x0000000649000000| Untracked 
| 293|0x0000000649400000, 0x0000000649400000, 0x0000000649800000|  0%| F|  |TAMS 0x0000000649400000| PB 0x0000000649400000| Untracked 
| 294|0x0000000649800000, 0x0000000649800000, 0x0000000649c00000|  0%| F|  |TAMS 0x0000000649800000| PB 0x0000000649800000| Untracked 
| 295|0x0000000649c00000, 0x0000000649c00000, 0x000000064a000000|  0%| F|  |TAMS 0x0000000649c00000| PB 0x0000000649c00000| Untracked 
| 296|0x000000064a000000, 0x000000064a000000, 0x000000064a400000|  0%| F|  |TAMS 0x000000064a000000| PB 0x000000064a000000| Untracked 
| 297|0x000000064a400000, 0x000000064a400000, 0x000000064a800000|  0%| F|  |TAMS 0x000000064a400000| PB 0x000000064a400000| Untracked 
| 298|0x000000064a800000, 0x000000064a800000, 0x000000064ac00000|  0%| F|  |TAMS 0x000000064a800000| PB 0x000000064a800000| Untracked 
| 299|0x000000064ac00000, 0x000000064ac00000, 0x000000064b000000|  0%| F|  |TAMS 0x000000064ac00000| PB 0x000000064ac00000| Untracked 
| 300|0x000000064b000000, 0x000000064b000000, 0x000000064b400000|  0%| F|  |TAMS 0x000000064b000000| PB 0x000000064b000000| Untracked 
| 301|0x000000064b400000, 0x000000064b400000, 0x000000064b800000|  0%| F|  |TAMS 0x000000064b400000| PB 0x000000064b400000| Untracked 
| 302|0x000000064b800000, 0x000000064b800000, 0x000000064bc00000|  0%| F|  |TAMS 0x000000064b800000| PB 0x000000064b800000| Untracked 
| 303|0x000000064bc00000, 0x000000064bc00000, 0x000000064c000000|  0%| F|  |TAMS 0x000000064bc00000| PB 0x000000064bc00000| Untracked 
| 304|0x000000064c000000, 0x000000064c000000, 0x000000064c400000|  0%| F|  |TAMS 0x000000064c000000| PB 0x000000064c000000| Untracked 
| 305|0x000000064c400000, 0x000000064c400000, 0x000000064c800000|  0%| F|  |TAMS 0x000000064c400000| PB 0x000000064c400000| Untracked 
| 306|0x000000064c800000, 0x000000064c800000, 0x000000064cc00000|  0%| F|  |TAMS 0x000000064c800000| PB 0x000000064c800000| Untracked 
| 307|0x000000064cc00000, 0x000000064cc00000, 0x000000064d000000|  0%| F|  |TAMS 0x000000064cc00000| PB 0x000000064cc00000| Untracked 
| 308|0x000000064d000000, 0x000000064d000000, 0x000000064d400000|  0%| F|  |TAMS 0x000000064d000000| PB 0x000000064d000000| Untracked 
| 309|0x000000064d400000, 0x000000064d400000, 0x000000064d800000|  0%| F|  |TAMS 0x000000064d400000| PB 0x000000064d400000| Untracked 
| 310|0x000000064d800000, 0x000000064d800000, 0x000000064dc00000|  0%| F|  |TAMS 0x000000064d800000| PB 0x000000064d800000| Untracked 
| 311|0x000000064dc00000, 0x000000064dc00000, 0x000000064e000000|  0%| F|  |TAMS 0x000000064dc00000| PB 0x000000064dc00000| Untracked 
| 312|0x000000064e000000, 0x000000064e000000, 0x000000064e400000|  0%| F|  |TAMS 0x000000064e000000| PB 0x000000064e000000| Untracked 
| 313|0x000000064e400000, 0x000000064e400000, 0x000000064e800000|  0%| F|  |TAMS 0x000000064e400000| PB 0x000000064e400000| Untracked 
| 314|0x000000064e800000, 0x000000064e800000, 0x000000064ec00000|  0%| F|  |TAMS 0x000000064e800000| PB 0x000000064e800000| Untracked 
| 315|0x000000064ec00000, 0x000000064ec00000, 0x000000064f000000|  0%| F|  |TAMS 0x000000064ec00000| PB 0x000000064ec00000| Untracked 
| 316|0x000000064f000000, 0x000000064f000000, 0x000000064f400000|  0%| F|  |TAMS 0x000000064f000000| PB 0x000000064f000000| Untracked 
| 317|0x000000064f400000, 0x000000064f400000, 0x000000064f800000|  0%| F|  |TAMS 0x000000064f400000| PB 0x000000064f400000| Untracked 
| 318|0x000000064f800000, 0x000000064f800000, 0x000000064fc00000|  0%| F|  |TAMS 0x000000064f800000| PB 0x000000064f800000| Untracked 
| 319|0x000000064fc00000, 0x000000064fc00000, 0x0000000650000000|  0%| F|  |TAMS 0x000000064fc00000| PB 0x000000064fc00000| Untracked 
| 320|0x0000000650000000, 0x0000000650000000, 0x0000000650400000|  0%| F|  |TAMS 0x0000000650000000| PB 0x0000000650000000| Untracked 
| 321|0x0000000650400000, 0x0000000650400000, 0x0000000650800000|  0%| F|  |TAMS 0x0000000650400000| PB 0x0000000650400000| Untracked 
| 322|0x0000000650800000, 0x0000000650800000, 0x0000000650c00000|  0%| F|  |TAMS 0x0000000650800000| PB 0x0000000650800000| Untracked 
| 323|0x0000000650c00000, 0x0000000650c00000, 0x0000000651000000|  0%| F|  |TAMS 0x0000000650c00000| PB 0x0000000650c00000| Untracked 
| 324|0x0000000651000000, 0x0000000651000000, 0x0000000651400000|  0%| F|  |TAMS 0x0000000651000000| PB 0x0000000651000000| Untracked 
| 325|0x0000000651400000, 0x0000000651400000, 0x0000000651800000|  0%| F|  |TAMS 0x0000000651400000| PB 0x0000000651400000| Untracked 
| 326|0x0000000651800000, 0x0000000651800000, 0x0000000651c00000|  0%| F|  |TAMS 0x0000000651800000| PB 0x0000000651800000| Untracked 
| 327|0x0000000651c00000, 0x0000000651c00000, 0x0000000652000000|  0%| F|  |TAMS 0x0000000651c00000| PB 0x0000000651c00000| Untracked 
| 328|0x0000000652000000, 0x0000000652000000, 0x0000000652400000|  0%| F|  |TAMS 0x0000000652000000| PB 0x0000000652000000| Untracked 
| 329|0x0000000652400000, 0x0000000652400000, 0x0000000652800000|  0%| F|  |TAMS 0x0000000652400000| PB 0x0000000652400000| Untracked 
| 330|0x0000000652800000, 0x0000000652800000, 0x0000000652c00000|  0%| F|  |TAMS 0x0000000652800000| PB 0x0000000652800000| Untracked 
| 331|0x0000000652c00000, 0x0000000652c00000, 0x0000000653000000|  0%| F|  |TAMS 0x0000000652c00000| PB 0x0000000652c00000| Untracked 
| 332|0x0000000653000000, 0x0000000653000000, 0x0000000653400000|  0%| F|  |TAMS 0x0000000653000000| PB 0x0000000653000000| Untracked 
| 333|0x0000000653400000, 0x0000000653400000, 0x0000000653800000|  0%| F|  |TAMS 0x0000000653400000| PB 0x0000000653400000| Untracked 
| 334|0x0000000653800000, 0x0000000653800000, 0x0000000653c00000|  0%| F|  |TAMS 0x0000000653800000| PB 0x0000000653800000| Untracked 
| 335|0x0000000653c00000, 0x0000000653c00000, 0x0000000654000000|  0%| F|  |TAMS 0x0000000653c00000| PB 0x0000000653c00000| Untracked 
| 336|0x0000000654000000, 0x0000000654000000, 0x0000000654400000|  0%| F|  |TAMS 0x0000000654000000| PB 0x0000000654000000| Untracked 
| 337|0x0000000654400000, 0x0000000654400000, 0x0000000654800000|  0%| F|  |TAMS 0x0000000654400000| PB 0x0000000654400000| Untracked 
| 338|0x0000000654800000, 0x0000000654800000, 0x0000000654c00000|  0%| F|  |TAMS 0x0000000654800000| PB 0x0000000654800000| Untracked 
| 339|0x0000000654c00000, 0x0000000654c00000, 0x0000000655000000|  0%| F|  |TAMS 0x0000000654c00000| PB 0x0000000654c00000| Untracked 
| 340|0x0000000655000000, 0x0000000655000000, 0x0000000655400000|  0%| F|  |TAMS 0x0000000655000000| PB 0x0000000655000000| Untracked 
| 341|0x0000000655400000, 0x0000000655400000, 0x0000000655800000|  0%| F|  |TAMS 0x0000000655400000| PB 0x0000000655400000| Untracked 
| 342|0x0000000655800000, 0x0000000655800000, 0x0000000655c00000|  0%| F|  |TAMS 0x0000000655800000| PB 0x0000000655800000| Untracked 
| 343|0x0000000655c00000, 0x0000000655c00000, 0x0000000656000000|  0%| F|  |TAMS 0x0000000655c00000| PB 0x0000000655c00000| Untracked 
| 344|0x0000000656000000, 0x0000000656000000, 0x0000000656400000|  0%| F|  |TAMS 0x0000000656000000| PB 0x0000000656000000| Untracked 
| 345|0x0000000656400000, 0x0000000656400000, 0x0000000656800000|  0%| F|  |TAMS 0x0000000656400000| PB 0x0000000656400000| Untracked 
| 346|0x0000000656800000, 0x0000000656800000, 0x0000000656c00000|  0%| F|  |TAMS 0x0000000656800000| PB 0x0000000656800000| Untracked 
| 347|0x0000000656c00000, 0x0000000656c00000, 0x0000000657000000|  0%| F|  |TAMS 0x0000000656c00000| PB 0x0000000656c00000| Untracked 
| 348|0x0000000657000000, 0x0000000657000000, 0x0000000657400000|  0%| F|  |TAMS 0x0000000657000000| PB 0x0000000657000000| Untracked 
| 349|0x0000000657400000, 0x0000000657400000, 0x0000000657800000|  0%| F|  |TAMS 0x0000000657400000| PB 0x0000000657400000| Untracked 
| 350|0x0000000657800000, 0x0000000657800000, 0x0000000657c00000|  0%| F|  |TAMS 0x0000000657800000| PB 0x0000000657800000| Untracked 
| 351|0x0000000657c00000, 0x0000000657c00000, 0x0000000658000000|  0%| F|  |TAMS 0x0000000657c00000| PB 0x0000000657c00000| Untracked 
| 352|0x0000000658000000, 0x0000000658000000, 0x0000000658400000|  0%| F|  |TAMS 0x0000000658000000| PB 0x0000000658000000| Untracked 
| 353|0x0000000658400000, 0x0000000658400000, 0x0000000658800000|  0%| F|  |TAMS 0x0000000658400000| PB 0x0000000658400000| Untracked 
| 354|0x0000000658800000, 0x0000000658800000, 0x0000000658c00000|  0%| F|  |TAMS 0x0000000658800000| PB 0x0000000658800000| Untracked 
| 355|0x0000000658c00000, 0x0000000658c00000, 0x0000000659000000|  0%| F|  |TAMS 0x0000000658c00000| PB 0x0000000658c00000| Untracked 
| 356|0x0000000659000000, 0x0000000659000000, 0x0000000659400000|  0%| F|  |TAMS 0x0000000659000000| PB 0x0000000659000000| Untracked 
| 357|0x0000000659400000, 0x0000000659400000, 0x0000000659800000|  0%| F|  |TAMS 0x0000000659400000| PB 0x0000000659400000| Untracked 
| 358|0x0000000659800000, 0x0000000659800000, 0x0000000659c00000|  0%| F|  |TAMS 0x0000000659800000| PB 0x0000000659800000| Untracked 
| 359|0x0000000659c00000, 0x0000000659c00000, 0x000000065a000000|  0%| F|  |TAMS 0x0000000659c00000| PB 0x0000000659c00000| Untracked 
| 360|0x000000065a000000, 0x000000065a000000, 0x000000065a400000|  0%| F|  |TAMS 0x000000065a000000| PB 0x000000065a000000| Untracked 
| 361|0x000000065a400000, 0x000000065a400000, 0x000000065a800000|  0%| F|  |TAMS 0x000000065a400000| PB 0x000000065a400000| Untracked 
| 362|0x000000065a800000, 0x000000065a800000, 0x000000065ac00000|  0%| F|  |TAMS 0x000000065a800000| PB 0x000000065a800000| Untracked 
| 363|0x000000065ac00000, 0x000000065ac00000, 0x000000065b000000|  0%| F|  |TAMS 0x000000065ac00000| PB 0x000000065ac00000| Untracked 
| 364|0x000000065b000000, 0x000000065b000000, 0x000000065b400000|  0%| F|  |TAMS 0x000000065b000000| PB 0x000000065b000000| Untracked 
| 365|0x000000065b400000, 0x000000065b400000, 0x000000065b800000|  0%| F|  |TAMS 0x000000065b400000| PB 0x000000065b400000| Untracked 
| 366|0x000000065b800000, 0x000000065b800000, 0x000000065bc00000|  0%| F|  |TAMS 0x000000065b800000| PB 0x000000065b800000| Untracked 
| 367|0x000000065bc00000, 0x000000065bc00000, 0x000000065c000000|  0%| F|  |TAMS 0x000000065bc00000| PB 0x000000065bc00000| Untracked 
| 368|0x000000065c000000, 0x000000065c000000, 0x000000065c400000|  0%| F|  |TAMS 0x000000065c000000| PB 0x000000065c000000| Untracked 
| 369|0x000000065c400000, 0x000000065c400000, 0x000000065c800000|  0%| F|  |TAMS 0x000000065c400000| PB 0x000000065c400000| Untracked 
| 370|0x000000065c800000, 0x000000065c800000, 0x000000065cc00000|  0%| F|  |TAMS 0x000000065c800000| PB 0x000000065c800000| Untracked 
| 371|0x000000065cc00000, 0x000000065cc00000, 0x000000065d000000|  0%| F|  |TAMS 0x000000065cc00000| PB 0x000000065cc00000| Untracked 
| 372|0x000000065d000000, 0x000000065d000000, 0x000000065d400000|  0%| F|  |TAMS 0x000000065d000000| PB 0x000000065d000000| Untracked 
| 373|0x000000065d400000, 0x000000065d400000, 0x000000065d800000|  0%| F|  |TAMS 0x000000065d400000| PB 0x000000065d400000| Untracked 
| 374|0x000000065d800000, 0x000000065d800000, 0x000000065dc00000|  0%| F|  |TAMS 0x000000065d800000| PB 0x000000065d800000| Untracked 
| 375|0x000000065dc00000, 0x000000065dc00000, 0x000000065e000000|  0%| F|  |TAMS 0x000000065dc00000| PB 0x000000065dc00000| Untracked 
| 376|0x000000065e000000, 0x000000065e000000, 0x000000065e400000|  0%| F|  |TAMS 0x000000065e000000| PB 0x000000065e000000| Untracked 
| 377|0x000000065e400000, 0x000000065e400000, 0x000000065e800000|  0%| F|  |TAMS 0x000000065e400000| PB 0x000000065e400000| Untracked 
| 378|0x000000065e800000, 0x000000065e800000, 0x000000065ec00000|  0%| F|  |TAMS 0x000000065e800000| PB 0x000000065e800000| Untracked 
| 379|0x000000065ec00000, 0x000000065ec00000, 0x000000065f000000|  0%| F|  |TAMS 0x000000065ec00000| PB 0x000000065ec00000| Untracked 
| 380|0x000000065f000000, 0x000000065f000000, 0x000000065f400000|  0%| F|  |TAMS 0x000000065f000000| PB 0x000000065f000000| Untracked 
| 381|0x000000065f400000, 0x000000065f400000, 0x000000065f800000|  0%| F|  |TAMS 0x000000065f400000| PB 0x000000065f400000| Untracked 
| 382|0x000000065f800000, 0x000000065f800000, 0x000000065fc00000|  0%| F|  |TAMS 0x000000065f800000| PB 0x000000065f800000| Untracked 
| 383|0x000000065fc00000, 0x000000065fc00000, 0x0000000660000000|  0%| F|  |TAMS 0x000000065fc00000| PB 0x000000065fc00000| Untracked 
| 384|0x0000000660000000, 0x0000000660000000, 0x0000000660400000|  0%| F|  |TAMS 0x0000000660000000| PB 0x0000000660000000| Untracked 
| 385|0x0000000660400000, 0x0000000660400000, 0x0000000660800000|  0%| F|  |TAMS 0x0000000660400000| PB 0x0000000660400000| Untracked 
| 386|0x0000000660800000, 0x0000000660800000, 0x0000000660c00000|  0%| F|  |TAMS 0x0000000660800000| PB 0x0000000660800000| Untracked 
| 387|0x0000000660c00000, 0x0000000660c00000, 0x0000000661000000|  0%| F|  |TAMS 0x0000000660c00000| PB 0x0000000660c00000| Untracked 
| 388|0x0000000661000000, 0x0000000661000000, 0x0000000661400000|  0%| F|  |TAMS 0x0000000661000000| PB 0x0000000661000000| Untracked 
| 389|0x0000000661400000, 0x0000000661400000, 0x0000000661800000|  0%| F|  |TAMS 0x0000000661400000| PB 0x0000000661400000| Untracked 
| 390|0x0000000661800000, 0x0000000661800000, 0x0000000661c00000|  0%| F|  |TAMS 0x0000000661800000| PB 0x0000000661800000| Untracked 
| 391|0x0000000661c00000, 0x0000000661c00000, 0x0000000662000000|  0%| F|  |TAMS 0x0000000661c00000| PB 0x0000000661c00000| Untracked 
| 392|0x0000000662000000, 0x0000000662000000, 0x0000000662400000|  0%| F|  |TAMS 0x0000000662000000| PB 0x0000000662000000| Untracked 
| 393|0x0000000662400000, 0x0000000662400000, 0x0000000662800000|  0%| F|  |TAMS 0x0000000662400000| PB 0x0000000662400000| Untracked 
| 394|0x0000000662800000, 0x0000000662800000, 0x0000000662c00000|  0%| F|  |TAMS 0x0000000662800000| PB 0x0000000662800000| Untracked 
| 395|0x0000000662c00000, 0x0000000662c00000, 0x0000000663000000|  0%| F|  |TAMS 0x0000000662c00000| PB 0x0000000662c00000| Untracked 
| 396|0x0000000663000000, 0x0000000663000000, 0x0000000663400000|  0%| F|  |TAMS 0x0000000663000000| PB 0x0000000663000000| Untracked 
| 397|0x0000000663400000, 0x0000000663400000, 0x0000000663800000|  0%| F|  |TAMS 0x0000000663400000| PB 0x0000000663400000| Untracked 
| 398|0x0000000663800000, 0x0000000663800000, 0x0000000663c00000|  0%| F|  |TAMS 0x0000000663800000| PB 0x0000000663800000| Untracked 
| 399|0x0000000663c00000, 0x0000000663c00000, 0x0000000664000000|  0%| F|  |TAMS 0x0000000663c00000| PB 0x0000000663c00000| Untracked 
| 400|0x0000000664000000, 0x0000000664000000, 0x0000000664400000|  0%| F|  |TAMS 0x0000000664000000| PB 0x0000000664000000| Untracked 
| 401|0x0000000664400000, 0x0000000664400000, 0x0000000664800000|  0%| F|  |TAMS 0x0000000664400000| PB 0x0000000664400000| Untracked 
| 402|0x0000000664800000, 0x0000000664800000, 0x0000000664c00000|  0%| F|  |TAMS 0x0000000664800000| PB 0x0000000664800000| Untracked 
| 403|0x0000000664c00000, 0x0000000664c00000, 0x0000000665000000|  0%| F|  |TAMS 0x0000000664c00000| PB 0x0000000664c00000| Untracked 
| 404|0x0000000665000000, 0x0000000665000000, 0x0000000665400000|  0%| F|  |TAMS 0x0000000665000000| PB 0x0000000665000000| Untracked 
| 405|0x0000000665400000, 0x0000000665400000, 0x0000000665800000|  0%| F|  |TAMS 0x0000000665400000| PB 0x0000000665400000| Untracked 
| 406|0x0000000665800000, 0x0000000665800000, 0x0000000665c00000|  0%| F|  |TAMS 0x0000000665800000| PB 0x0000000665800000| Untracked 
| 407|0x0000000665c00000, 0x0000000665c00000, 0x0000000666000000|  0%| F|  |TAMS 0x0000000665c00000| PB 0x0000000665c00000| Untracked 
| 408|0x0000000666000000, 0x0000000666000000, 0x0000000666400000|  0%| F|  |TAMS 0x0000000666000000| PB 0x0000000666000000| Untracked 
| 409|0x0000000666400000, 0x0000000666400000, 0x0000000666800000|  0%| F|  |TAMS 0x0000000666400000| PB 0x0000000666400000| Untracked 
| 410|0x0000000666800000, 0x0000000666800000, 0x0000000666c00000|  0%| F|  |TAMS 0x0000000666800000| PB 0x0000000666800000| Untracked 
| 411|0x0000000666c00000, 0x0000000666c00000, 0x0000000667000000|  0%| F|  |TAMS 0x0000000666c00000| PB 0x0000000666c00000| Untracked 
| 412|0x0000000667000000, 0x0000000667000000, 0x0000000667400000|  0%| F|  |TAMS 0x0000000667000000| PB 0x0000000667000000| Untracked 
| 413|0x0000000667400000, 0x0000000667400000, 0x0000000667800000|  0%| F|  |TAMS 0x0000000667400000| PB 0x0000000667400000| Untracked 
| 414|0x0000000667800000, 0x0000000667800000, 0x0000000667c00000|  0%| F|  |TAMS 0x0000000667800000| PB 0x0000000667800000| Untracked 
| 415|0x0000000667c00000, 0x0000000667c00000, 0x0000000668000000|  0%| F|  |TAMS 0x0000000667c00000| PB 0x0000000667c00000| Untracked 
| 416|0x0000000668000000, 0x0000000668000000, 0x0000000668400000|  0%| F|  |TAMS 0x0000000668000000| PB 0x0000000668000000| Untracked 
| 417|0x0000000668400000, 0x0000000668400000, 0x0000000668800000|  0%| F|  |TAMS 0x0000000668400000| PB 0x0000000668400000| Untracked 
| 418|0x0000000668800000, 0x0000000668800000, 0x0000000668c00000|  0%| F|  |TAMS 0x0000000668800000| PB 0x0000000668800000| Untracked 
| 419|0x0000000668c00000, 0x0000000668c00000, 0x0000000669000000|  0%| F|  |TAMS 0x0000000668c00000| PB 0x0000000668c00000| Untracked 
| 420|0x0000000669000000, 0x0000000669000000, 0x0000000669400000|  0%| F|  |TAMS 0x0000000669000000| PB 0x0000000669000000| Untracked 
| 421|0x0000000669400000, 0x0000000669400000, 0x0000000669800000|  0%| F|  |TAMS 0x0000000669400000| PB 0x0000000669400000| Untracked 
| 422|0x0000000669800000, 0x0000000669800000, 0x0000000669c00000|  0%| F|  |TAMS 0x0000000669800000| PB 0x0000000669800000| Untracked 
| 423|0x0000000669c00000, 0x0000000669c00000, 0x000000066a000000|  0%| F|  |TAMS 0x0000000669c00000| PB 0x0000000669c00000| Untracked 
| 424|0x000000066a000000, 0x000000066a000000, 0x000000066a400000|  0%| F|  |TAMS 0x000000066a000000| PB 0x000000066a000000| Untracked 
| 425|0x000000066a400000, 0x000000066a400000, 0x000000066a800000|  0%| F|  |TAMS 0x000000066a400000| PB 0x000000066a400000| Untracked 
| 426|0x000000066a800000, 0x000000066a800000, 0x000000066ac00000|  0%| F|  |TAMS 0x000000066a800000| PB 0x000000066a800000| Untracked 
| 427|0x000000066ac00000, 0x000000066ac00000, 0x000000066b000000|  0%| F|  |TAMS 0x000000066ac00000| PB 0x000000066ac00000| Untracked 
| 428|0x000000066b000000, 0x000000066b000000, 0x000000066b400000|  0%| F|  |TAMS 0x000000066b000000| PB 0x000000066b000000| Untracked 
| 429|0x000000066b400000, 0x000000066b400000, 0x000000066b800000|  0%| F|  |TAMS 0x000000066b400000| PB 0x000000066b400000| Untracked 
| 430|0x000000066b800000, 0x000000066b800000, 0x000000066bc00000|  0%| F|  |TAMS 0x000000066b800000| PB 0x000000066b800000| Untracked 
| 431|0x000000066bc00000, 0x000000066bc00000, 0x000000066c000000|  0%| F|  |TAMS 0x000000066bc00000| PB 0x000000066bc00000| Untracked 
| 432|0x000000066c000000, 0x000000066c000000, 0x000000066c400000|  0%| F|  |TAMS 0x000000066c000000| PB 0x000000066c000000| Untracked 
| 433|0x000000066c400000, 0x000000066c400000, 0x000000066c800000|  0%| F|  |TAMS 0x000000066c400000| PB 0x000000066c400000| Untracked 
| 434|0x000000066c800000, 0x000000066c800000, 0x000000066cc00000|  0%| F|  |TAMS 0x000000066c800000| PB 0x000000066c800000| Untracked 
| 435|0x000000066cc00000, 0x000000066cc00000, 0x000000066d000000|  0%| F|  |TAMS 0x000000066cc00000| PB 0x000000066cc00000| Untracked 
| 436|0x000000066d000000, 0x000000066d000000, 0x000000066d400000|  0%| F|  |TAMS 0x000000066d000000| PB 0x000000066d000000| Untracked 
| 437|0x000000066d400000, 0x000000066d400000, 0x000000066d800000|  0%| F|  |TAMS 0x000000066d400000| PB 0x000000066d400000| Untracked 
| 438|0x000000066d800000, 0x000000066d800000, 0x000000066dc00000|  0%| F|  |TAMS 0x000000066d800000| PB 0x000000066d800000| Untracked 
| 439|0x000000066dc00000, 0x000000066dc00000, 0x000000066e000000|  0%| F|  |TAMS 0x000000066dc00000| PB 0x000000066dc00000| Untracked 
| 440|0x000000066e000000, 0x000000066e000000, 0x000000066e400000|  0%| F|  |TAMS 0x000000066e000000| PB 0x000000066e000000| Untracked 
| 441|0x000000066e400000, 0x000000066e400000, 0x000000066e800000|  0%| F|  |TAMS 0x000000066e400000| PB 0x000000066e400000| Untracked 
| 442|0x000000066e800000, 0x000000066e800000, 0x000000066ec00000|  0%| F|  |TAMS 0x000000066e800000| PB 0x000000066e800000| Untracked 
| 443|0x000000066ec00000, 0x000000066ec00000, 0x000000066f000000|  0%| F|  |TAMS 0x000000066ec00000| PB 0x000000066ec00000| Untracked 
| 444|0x000000066f000000, 0x000000066f400000, 0x000000066f400000|100%| S|CS|TAMS 0x000000066f000000| PB 0x000000066f000000| Complete 
| 445|0x000000066f400000, 0x000000066f800000, 0x000000066f800000|100%| S|CS|TAMS 0x000000066f400000| PB 0x000000066f400000| Complete 
| 446|0x000000066f800000, 0x000000066fc00000, 0x000000066fc00000|100%| S|CS|TAMS 0x000000066f800000| PB 0x000000066f800000| Complete 
| 447|0x000000066fc00000, 0x000000066fc00000, 0x0000000670000000|  0%| F|  |TAMS 0x000000066fc00000| PB 0x000000066fc00000| Untracked 
| 448|0x0000000670000000, 0x0000000670000000, 0x0000000670400000|  0%| F|  |TAMS 0x0000000670000000| PB 0x0000000670000000| Untracked 
| 449|0x0000000670400000, 0x0000000670400000, 0x0000000670800000|  0%| F|  |TAMS 0x0000000670400000| PB 0x0000000670400000| Untracked 
| 450|0x0000000670800000, 0x0000000670800000, 0x0000000670c00000|  0%| F|  |TAMS 0x0000000670800000| PB 0x0000000670800000| Untracked 
| 451|0x0000000670c00000, 0x0000000670c00000, 0x0000000671000000|  0%| F|  |TAMS 0x0000000670c00000| PB 0x0000000670c00000| Untracked 
| 452|0x0000000671000000, 0x0000000671000000, 0x0000000671400000|  0%| F|  |TAMS 0x0000000671000000| PB 0x0000000671000000| Untracked 
| 453|0x0000000671400000, 0x0000000671400000, 0x0000000671800000|  0%| F|  |TAMS 0x0000000671400000| PB 0x0000000671400000| Untracked 
| 454|0x0000000671800000, 0x0000000671800000, 0x0000000671c00000|  0%| F|  |TAMS 0x0000000671800000| PB 0x0000000671800000| Untracked 
| 455|0x0000000671c00000, 0x0000000671c00000, 0x0000000672000000|  0%| F|  |TAMS 0x0000000671c00000| PB 0x0000000671c00000| Untracked 
| 456|0x0000000672000000, 0x0000000672000000, 0x0000000672400000|  0%| F|  |TAMS 0x0000000672000000| PB 0x0000000672000000| Untracked 
| 457|0x0000000672400000, 0x0000000672400000, 0x0000000672800000|  0%| F|  |TAMS 0x0000000672400000| PB 0x0000000672400000| Untracked 
| 458|0x0000000672800000, 0x0000000672800000, 0x0000000672c00000|  0%| F|  |TAMS 0x0000000672800000| PB 0x0000000672800000| Untracked 
| 459|0x0000000672c00000, 0x0000000672c00000, 0x0000000673000000|  0%| F|  |TAMS 0x0000000672c00000| PB 0x0000000672c00000| Untracked 
| 460|0x0000000673000000, 0x0000000673000000, 0x0000000673400000|  0%| F|  |TAMS 0x0000000673000000| PB 0x0000000673000000| Untracked 
| 461|0x0000000673400000, 0x0000000673400000, 0x0000000673800000|  0%| F|  |TAMS 0x0000000673400000| PB 0x0000000673400000| Untracked 
| 462|0x0000000673800000, 0x0000000673800000, 0x0000000673c00000|  0%| F|  |TAMS 0x0000000673800000| PB 0x0000000673800000| Untracked 
|2043|0x00000007fec00000, 0x00000007fec00000, 0x00000007ff000000|  0%| F|  |TAMS 0x00000007fec00000| PB 0x00000007fec00000| Untracked 
|2044|0x00000007ff000000, 0x00000007ff1aa120, 0x00000007ff400000| 41%| E|  |TAMS 0x00000007ff000000| PB 0x00000007ff000000| Complete 
|2045|0x00000007ff400000, 0x00000007ff800000, 0x00000007ff800000|100%| E|CS|TAMS 0x00000007ff400000| PB 0x00000007ff400000| Complete 
|2046|0x00000007ff800000, 0x00000007ffc00000, 0x00000007ffc00000|100%| O|  |TAMS 0x00000007ff800000| PB 0x00000007ff800000| Untracked 
|2047|0x00000007ffc00000, 0x0000000800000000, 0x0000000800000000|100%| E|CS|TAMS 0x00000007ffc00000| PB 0x00000007ffc00000| Complete 

Card table byte_map: [0x000002dcc1f00000,0x000002dcc2f00000] _byte_map_base: 0x000002dcbef00000

Marking Bits: (CMBitMap*) 0x000002dc985da470
 Bits: [0x000002dcc2f00000, 0x000002dccaf00000)

Polling page: 0x000002dc96460000

Metaspace:

Usage:
  Non-class:    157.01 MB used.
      Class:     23.96 MB used.
       Both:    180.97 MB used.

Virtual space:
  Non-class space:      192.00 MB reserved,     158.50 MB ( 83%) committed,  3 nodes.
      Class space:        1.00 GB reserved,      25.38 MB (  2%) committed,  1 nodes.
             Both:        1.19 GB reserved,     183.88 MB ( 15%) committed. 

Chunk freelists:
   Non-Class:  928.00 KB
       Class:  6.63 MB
        Both:  7.54 MB

MaxMetaspaceSize: 4.00 GB
CompressedClassSpaceSize: 1.00 GB
Initial GC threshold: 21.00 MB
Current GC threshold: 304.31 MB
CDS: on
 - commit_granule_bytes: 65536.
 - commit_granule_words: 8192.
 - virtual_space_node_default_size: 8388608.
 - enlarge_chunks_in_place: 1.
 - use_allocation_guard: 0.


Internal statistics:

num_allocs_failed_limit: 9.
num_arena_births: 5258.
num_arena_deaths: 48.
num_vsnodes_births: 4.
num_vsnodes_deaths: 0.
num_space_committed: 2937.
num_space_uncommitted: 2.
num_chunks_returned_to_freelist: 98.
num_chunks_taken_from_freelist: 13397.
num_chunk_merges: 31.
num_chunk_splits: 8892.
num_chunks_enlarged: 5896.
num_inconsistent_stats: 0.

CodeHeap 'non-profiled nmethods': size=259264Kb used=19783Kb max_used=28000Kb free=239481Kb
 bounds [0x000002dcb0c80000, 0x000002dcb27e0000, 0x000002dcc09b0000]
CodeHeap 'profiled nmethods': size=259264Kb used=28372Kb max_used=59112Kb free=230891Kb
 bounds [0x000002dca09b0000, 0x000002dca4370000, 0x000002dcb06e0000]
CodeHeap 'non-nmethods': size=5760Kb used=3218Kb max_used=3298Kb free=2541Kb
 bounds [0x000002dcb06e0000, 0x000002dcb0a30000, 0x000002dcb0c80000]
 total_blobs=14998 nmethods=13774 adapters=1123
 compilation: enabled
              stopped_count=0, restarted_count=0
 full_count=0

Compilation events (20 events):
Event: 2442.166 Thread 0x000002dccb0f2dd0 54878   !   3       java.util.concurrent.ForkJoinTask::doExec (37 bytes)
Event: 2442.167 Thread 0x000002dccb0f2dd0 nmethod 54878 0x000002dca2abcc10 code [0x000002dca2abce00, 0x000002dca2abd290]
Event: 2442.167 Thread 0x000002dccb0f2dd0 54875       2       java.util.concurrent.ForkJoinPool::scan (263 bytes)
Event: 2442.169 Thread 0x000002dccb0f2dd0 nmethod 54875 0x000002dca2ca9b90 code [0x000002dca2ca9d80, 0x000002dca2caa2b8]
Event: 2442.169 Thread 0x000002dccb0f2dd0 54880       2       java.util.concurrent.ForkJoinPool::compareAndExchangeCtl (13 bytes)
Event: 2442.170 Thread 0x000002dccb0f2dd0 nmethod 54880 0x000002dca24ea010 code [0x000002dca24ea1c0, 0x000002dca24ea300]
Event: 2442.170 Thread 0x000002dccb0f2dd0 54882       2       java.util.concurrent.ForkJoinTask::get (50 bytes)
Event: 2442.171 Thread 0x000002dccb0f2dd0 nmethod 54882 0x000002dca2ca9390 code [0x000002dca2ca9560, 0x000002dca2ca97a0]
Event: 2442.171 Thread 0x000002dccb0f2dd0 54881       1       java.util.concurrent.ForkJoinTask$AdaptedCallable::getRawResult (5 bytes)
Event: 2442.172 Thread 0x000002dccb0f2dd0 nmethod 54881 0x000002dcb15b7510 code [0x000002dcb15b76a0, 0x000002dcb15b7770]
Event: 2442.172 Thread 0x000002dccb0f2dd0 54858       2       java.util.concurrent.ForkJoinPool::submit (14 bytes)
Event: 2442.172 Thread 0x000002dccb0f2dd0 nmethod 54858 0x000002dca288fd90 code [0x000002dca288ff60, 0x000002dca2890230]
Event: 2442.172 Thread 0x000002dccb0f2dd0 54859       2       java.util.concurrent.ForkJoinTask$AdaptedCallable::<init> (22 bytes)
Event: 2442.173 Thread 0x000002dccb0f2dd0 nmethod 54859 0x000002dca2e78990 code [0x000002dca2e78b40, 0x000002dca2e78d68]
Event: 2442.173 Thread 0x000002dccb0f2dd0 54863   !   2       java.util.concurrent.ForkJoinTask$AdaptedCallable::exec (28 bytes)
Event: 2442.173 Thread 0x000002dccb0f2dd0 nmethod 54863 0x000002dca2e78410 code [0x000002dca2e785e0, 0x000002dca2e78888]
Event: 2442.173 Thread 0x000002dccb0f2dd0 54884       2       java.util.concurrent.ForkJoinTask::isDone (13 bytes)
Event: 2442.173 Thread 0x000002dccb0f2dd0 nmethod 54884 0x000002dca2e78090 code [0x000002dca2e78220, 0x000002dca2e78338]
Event: 2442.174 Thread 0x000002dccb0f2dd0 54864       2       java.util.concurrent.ForkJoinTask::setDone (16 bytes)
Event: 2442.174 Thread 0x000002dccb0f2dd0 nmethod 54864 0x000002dca2e77b90 code [0x000002dca2e77d40, 0x000002dca2e77ea0]

GC Heap History (20 events):
Event: 2316.087 GC heap before
{Heap before GC invocations=112 (full 0):
 garbage-first heap   total 1613824K, used 841494K [0x0000000600000000, 0x0000000800000000)
  region size 4096K, 82 young (335872K), 2 survivors (8192K)
 Metaspace       used 183620K, committed 186624K, reserved 1245184K
  class space    used 24359K, committed 25856K, reserved 1048576K
}
Event: 2316.117 GC heap after
{Heap after GC invocations=113 (full 0):
 garbage-first heap   total 1613824K, used 517730K [0x0000000600000000, 0x0000000800000000)
  region size 4096K, 3 young (12288K), 3 survivors (12288K)
 Metaspace       used 183620K, committed 186624K, reserved 1245184K
  class space    used 24359K, committed 25856K, reserved 1048576K
}
Event: 2324.984 GC heap before
{Heap before GC invocations=114 (full 0):
 garbage-first heap   total 1613824K, used 882274K [0x0000000600000000, 0x0000000800000000)
  region size 4096K, 92 young (376832K), 3 survivors (12288K)
 Metaspace       used 183640K, committed 186624K, reserved 1245184K
  class space    used 24359K, committed 25856K, reserved 1048576K
}
Event: 2325.050 GC heap after
{Heap after GC invocations=115 (full 0):
 garbage-first heap   total 1613824K, used 517328K [0x0000000600000000, 0x0000000800000000)
  region size 4096K, 3 young (12288K), 3 survivors (12288K)
 Metaspace       used 183640K, committed 186624K, reserved 1245184K
  class space    used 24359K, committed 25856K, reserved 1048576K
}
Event: 2381.129 GC heap before
{Heap before GC invocations=115 (full 0):
 garbage-first heap   total 1613824K, used 1475792K [0x0000000600000000, 0x0000000800000000)
  region size 4096K, 236 young (966656K), 3 survivors (12288K)
 Metaspace       used 183933K, committed 186880K, reserved 1245184K
  class space    used 24374K, committed 25856K, reserved 1048576K
}
Event: 2382.412 GC heap after
{Heap after GC invocations=116 (full 0):
 garbage-first heap   total 1613824K, used 502317K [0x0000000600000000, 0x0000000800000000)
  region size 4096K, 6 young (24576K), 6 survivors (24576K)
 Metaspace       used 183933K, committed 186880K, reserved 1245184K
  class space    used 24374K, committed 25856K, reserved 1048576K
}
Event: 2390.805 GC heap before
{Heap before GC invocations=116 (full 0):
 garbage-first heap   total 1613824K, used 727597K [0x0000000600000000, 0x0000000800000000)
  region size 4096K, 61 young (249856K), 6 survivors (24576K)
 Metaspace       used 183937K, committed 186944K, reserved 1245184K
  class space    used 24374K, committed 25856K, reserved 1048576K
}
Event: 2391.120 GC heap after
{Heap after GC invocations=117 (full 0):
 garbage-first heap   total 1613824K, used 503172K [0x0000000600000000, 0x0000000800000000)
  region size 4096K, 5 young (20480K), 5 survivors (20480K)
 Metaspace       used 183937K, committed 186944K, reserved 1245184K
  class space    used 24374K, committed 25856K, reserved 1048576K
}
Event: 2402.112 GC heap before
{Heap before GC invocations=118 (full 0):
 garbage-first heap   total 1613824K, used 712068K [0x0000000600000000, 0x0000000800000000)
  region size 4096K, 56 young (229376K), 5 survivors (20480K)
 Metaspace       used 183939K, committed 186944K, reserved 1245184K
  class space    used 24374K, committed 25856K, reserved 1048576K
}
Event: 2402.236 GC heap after
{Heap after GC invocations=119 (full 0):
 garbage-first heap   total 1613824K, used 504171K [0x0000000600000000, 0x0000000800000000)
  region size 4096K, 4 young (16384K), 4 survivors (16384K)
 Metaspace       used 183939K, committed 186944K, reserved 1245184K
  class space    used 24374K, committed 25856K, reserved 1048576K
}
Event: 2403.916 GC heap before
{Heap before GC invocations=119 (full 0):
 garbage-first heap   total 1613824K, used 565611K [0x0000000600000000, 0x0000000800000000)
  region size 4096K, 19 young (77824K), 4 survivors (16384K)
 Metaspace       used 183939K, committed 186944K, reserved 1245184K
  class space    used 24374K, committed 25856K, reserved 1048576K
}
Event: 2403.971 GC heap after
{Heap after GC invocations=120 (full 0):
 garbage-first heap   total 1613824K, used 501797K [0x0000000600000000, 0x0000000800000000)
  region size 4096K, 1 young (4096K), 1 survivors (4096K)
 Metaspace       used 183939K, committed 186944K, reserved 1245184K
  class space    used 24374K, committed 25856K, reserved 1048576K
}
Event: 2406.223 GC heap before
{Heap before GC invocations=120 (full 0):
 garbage-first heap   total 1613824K, used 649253K [0x0000000600000000, 0x0000000800000000)
  region size 4096K, 37 young (151552K), 1 survivors (4096K)
 Metaspace       used 183944K, committed 186944K, reserved 1245184K
  class space    used 24374K, committed 25856K, reserved 1048576K
}
Event: 2406.243 GC heap after
{Heap after GC invocations=121 (full 0):
 garbage-first heap   total 1613824K, used 499573K [0x0000000600000000, 0x0000000800000000)
  region size 4096K, 1 young (4096K), 1 survivors (4096K)
 Metaspace       used 183944K, committed 186944K, reserved 1245184K
  class space    used 24374K, committed 25856K, reserved 1048576K
}
Event: 2414.702 GC heap before
{Heap before GC invocations=121 (full 0):
 garbage-first heap   total 1613824K, used 724853K [0x0000000600000000, 0x0000000800000000)
  region size 4096K, 56 young (229376K), 1 survivors (4096K)
 Metaspace       used 184022K, committed 187008K, reserved 1245184K
  class space    used 24379K, committed 25856K, reserved 1048576K
}
Event: 2414.783 GC heap after
{Heap after GC invocations=122 (full 0):
 garbage-first heap   total 1613824K, used 517466K [0x0000000600000000, 0x0000000800000000)
  region size 4096K, 6 young (24576K), 6 survivors (24576K)
 Metaspace       used 184022K, committed 187008K, reserved 1245184K
  class space    used 24379K, committed 25856K, reserved 1048576K
}
Event: 2433.785 GC heap before
{Heap before GC invocations=122 (full 0):
 garbage-first heap   total 1613824K, used 578906K [0x0000000600000000, 0x0000000800000000)
  region size 4096K, 19 young (77824K), 6 survivors (24576K)
 Metaspace       used 184277K, committed 187200K, reserved 1245184K
  class space    used 24408K, committed 25856K, reserved 1048576K
}
Event: 2434.055 GC heap after
{Heap after GC invocations=123 (full 0):
 garbage-first heap   total 1613824K, used 517747K [0x0000000600000000, 0x0000000800000000)
  region size 4096K, 2 young (8192K), 2 survivors (8192K)
 Metaspace       used 184277K, committed 187200K, reserved 1245184K
  class space    used 24408K, committed 25856K, reserved 1048576K
}
Event: 2439.890 GC heap before
{Heap before GC invocations=123 (full 0):
 garbage-first heap   total 1613824K, used 607859K [0x0000000600000000, 0x0000000800000000)
  region size 4096K, 22 young (90112K), 2 survivors (8192K)
 Metaspace       used 184807K, committed 187776K, reserved 1245184K
  class space    used 24475K, committed 25920K, reserved 1048576K
}
Event: 2440.154 GC heap after
{Heap after GC invocations=124 (full 0):
 garbage-first heap   total 1916928K, used 544992K [0x0000000600000000, 0x0000000800000000)
  region size 4096K, 3 young (12288K), 3 survivors (12288K)
 Metaspace       used 184807K, committed 187776K, reserved 1245184K
  class space    used 24475K, committed 25920K, reserved 1048576K
}

Dll operation events (17 events):
Event: 0.027 Loaded shared library C:\Program Files\Java\jdk-21\bin\java.dll
Event: 0.100 Loaded shared library C:\Program Files\Java\jdk-21\bin\jsvml.dll
Event: 0.196 Loaded shared library C:\Program Files\Java\jdk-21\bin\zip.dll
Event: 0.206 Loaded shared library C:\Program Files\Java\jdk-21\bin\instrument.dll
Event: 0.213 Loaded shared library C:\Program Files\Java\jdk-21\bin\net.dll
Event: 0.216 Loaded shared library C:\Program Files\Java\jdk-21\bin\nio.dll
Event: 0.223 Loaded shared library C:\Program Files\Java\jdk-21\bin\zip.dll
Event: 0.813 Loaded shared library C:\Program Files\Java\jdk-21\bin\jimage.dll
Event: 1.599 Loaded shared library C:\Program Files\Java\jdk-21\bin\verify.dll
Event: 2.156 Loaded shared library C:\Users\anand\.gradle\native\c067742578af261105cb4f569cf0c3c89f3d7b1fecec35dd04571415982c5e48\windows-amd64\native-platform.dll
Event: 2.198 Loaded shared library C:\Users\anand\.gradle\native\100fb08df4bc3b14c8652ba06237920a3bd2aa13389f12d3474272988ae205f9\windows-amd64\native-platform-file-events.dll
Event: 5.187 Loaded shared library C:\Program Files\Java\jdk-21\bin\management.dll
Event: 5.194 Loaded shared library C:\Program Files\Java\jdk-21\bin\management_ext.dll
Event: 5.714 Loaded shared library C:\Program Files\Java\jdk-21\bin\extnet.dll
Event: 7.388 Loaded shared library C:\Program Files\Java\jdk-21\bin\sunmscapi.dll
Event: 2233.994 Loaded shared library C:\Users\anand\AppData\Local\Temp\native-platform4790230320694446315dir\native-platform.dll
Event: 2241.265 Loaded shared library C:\Program Files\Java\jdk-21\bin\rmi.dll

Deoptimization events (20 events):
Event: 2442.049 Thread 0x000002dd1721ccc0 DEOPT PACKING pc=0x000002dcb2687164 sp=0x000000ef7b6fdab0
Event: 2442.049 Thread 0x000002dd1721ccc0 DEOPT UNPACKING pc=0x000002dcb07346a2 sp=0x000000ef7b6fd978 mode 2
Event: 2442.160 Thread 0x000002dd1721ccc0 Uncommon trap: trap_request=0xffffffde fr.pc=0x000002dcb2693e08 relative=0x0000000000000188
Event: 2442.160 Thread 0x000002dd1721ccc0 Uncommon trap: reason=class_check action=maybe_recompile pc=0x000002dcb2693e08 method=com.android.tools.r8.internal.Jx.a(Ljava/util/concurrent/Future;)Ljava/lang/Object; @ 1 c2
Event: 2442.160 Thread 0x000002dd1721ccc0 DEOPT PACKING pc=0x000002dcb2693e08 sp=0x000000ef7b6fdb10
Event: 2442.160 Thread 0x000002dd1721ccc0 DEOPT UNPACKING pc=0x000002dcb07346a2 sp=0x000000ef7b6fdab0 mode 2
Event: 2442.160 Thread 0x000002dd1721ccc0 Uncommon trap: trap_request=0xffffffde fr.pc=0x000002dcb2693e08 relative=0x0000000000000188
Event: 2442.160 Thread 0x000002dd1721ccc0 Uncommon trap: reason=class_check action=maybe_recompile pc=0x000002dcb2693e08 method=com.android.tools.r8.internal.Jx.a(Ljava/util/concurrent/Future;)Ljava/lang/Object; @ 1 c2
Event: 2442.160 Thread 0x000002dd1721ccc0 DEOPT PACKING pc=0x000002dcb2693e08 sp=0x000000ef7b6fdb10
Event: 2442.160 Thread 0x000002dd1721ccc0 DEOPT UNPACKING pc=0x000002dcb07346a2 sp=0x000000ef7b6fdab0 mode 2
Event: 2442.160 Thread 0x000002dd1721ccc0 Uncommon trap: trap_request=0xffffffde fr.pc=0x000002dcb2693e08 relative=0x0000000000000188
Event: 2442.160 Thread 0x000002dd1721ccc0 Uncommon trap: reason=class_check action=maybe_recompile pc=0x000002dcb2693e08 method=com.android.tools.r8.internal.Jx.a(Ljava/util/concurrent/Future;)Ljava/lang/Object; @ 1 c2
Event: 2442.160 Thread 0x000002dd1721ccc0 DEOPT PACKING pc=0x000002dcb2693e08 sp=0x000000ef7b6fdb10
Event: 2442.160 Thread 0x000002dd1721ccc0 DEOPT UNPACKING pc=0x000002dcb07346a2 sp=0x000000ef7b6fdab0 mode 2
Event: 2442.160 Thread 0x000002dd1721ccc0 Uncommon trap: trap_request=0xffffffde fr.pc=0x000002dcb2693e08 relative=0x0000000000000188
Event: 2442.160 Thread 0x000002dd1721ccc0 Uncommon trap: reason=class_check action=maybe_recompile pc=0x000002dcb2693e08 method=com.android.tools.r8.internal.Jx.a(Ljava/util/concurrent/Future;)Ljava/lang/Object; @ 1 c2
Event: 2442.160 Thread 0x000002dd1721ccc0 DEOPT PACKING pc=0x000002dcb2693e08 sp=0x000000ef7b6fdb10
Event: 2442.160 Thread 0x000002dd1721ccc0 DEOPT UNPACKING pc=0x000002dcb07346a2 sp=0x000000ef7b6fdab0 mode 2
Event: 2442.161 Thread 0x000002dd1721ccc0 DEOPT PACKING pc=0x000002dca1a48dd3 sp=0x000000ef7b6fdb50
Event: 2442.161 Thread 0x000002dd1721ccc0 DEOPT UNPACKING pc=0x000002dcb0734e42 sp=0x000000ef7b6fd040 mode 0

Classes loaded (20 events):
Event: 2249.389 Loading class java/util/SortedSet$1
Event: 2249.389 Loading class java/util/SortedSet$1 done
Event: 2249.411 Loading class java/util/stream/SliceOps
Event: 2249.413 Loading class java/util/stream/SliceOps done
Event: 2249.413 Loading class java/util/stream/SliceOps$1
Event: 2249.416 Loading class java/util/stream/SliceOps$1 done
Event: 2249.451 Loading class java/util/stream/SliceOps$1$1
Event: 2249.452 Loading class java/util/stream/SliceOps$1$1 done
Event: 2255.309 Loading class java/nio/ShortBuffer
Event: 2255.324 Loading class java/nio/ShortBuffer done
Event: 2256.080 Loading class java/nio/ByteBufferAsShortBufferL
Event: 2256.085 Loading class java/nio/ByteBufferAsShortBufferL done
Event: 2273.983 Loading class sun/rmi/transport/DGCClient$EndpointEntry$CleanRequest
Event: 2274.002 Loading class sun/rmi/transport/DGCClient$EndpointEntry$CleanRequest done
Event: 2428.684 Loading class java/nio/file/FileTreeIterator
Event: 2428.725 Loading class java/nio/file/FileTreeIterator done
Event: 2440.314 Loading class java/util/concurrent/ForkJoinTask$AdaptedCallable
Event: 2440.397 Loading class java/util/concurrent/ForkJoinTask$AdaptedCallable done
Event: 2441.218 Loading class java/nio/HeapShortBuffer
Event: 2441.248 Loading class java/nio/HeapShortBuffer done

Classes unloaded (20 events):
Event: 2268.906 Thread 0x000002dc96304c90 Unloading class 0x000002dcd04d5870 'jdk/internal/jimage/BasicImageReader'
Event: 2268.906 Thread 0x000002dc96304c90 Unloading class 0x000002dcd04d5658 'jdk/internal/jimage/ImageReader'
Event: 2268.906 Thread 0x000002dc96304c90 Unloading class 0x000002dcd04d5438 'jdk/internal/jrtfs/SystemImage$2'
Event: 2268.906 Thread 0x000002dc96304c90 Unloading class 0x000002dcd04d5228 'jdk/internal/jrtfs/SystemImage$$Lambda+0x000002dcd04d5228'
Event: 2268.907 Thread 0x000002dc96304c90 Unloading class 0x000002dcd04d5000 'jdk/internal/jrtfs/ExplodedImage'
Event: 2268.907 Thread 0x000002dc96304c90 Unloading class 0x000002dcd04d4db0 'jdk/internal/jrtfs/SystemImage$1'
Event: 2268.907 Thread 0x000002dc96304c90 Unloading class 0x000002dcd04d4ba0 'jdk/internal/jrtfs/SystemImage'
Event: 2268.907 Thread 0x000002dc96304c90 Unloading class 0x000002dcd04d4948 'jdk/internal/jrtfs/JrtFileStore'
Event: 2268.907 Thread 0x000002dc96304c90 Unloading class 0x000002dcd04d45d8 'jdk/internal/jrtfs/JrtPath'
Event: 2268.908 Thread 0x000002dc96304c90 Unloading class 0x000002dcd04d42e8 'jdk/internal/jrtfs/JrtFileSystem'
Event: 2268.909 Thread 0x000002dc96304c90 Unloading class 0x000002dcd04d4000 'jdk/internal/jrtfs/JrtFileSystemProvider'
Event: 2268.910 Thread 0x000002dc96304c90 Unloading class 0x000002dcd029cf80 '_BuildScript_$_run_closure2$_closure8'
Event: 2268.910 Thread 0x000002dc96304c90 Unloading class 0x000002dcd029cba0 '_BuildScript_$_run_closure2$_closure7'
Event: 2268.910 Thread 0x000002dc96304c90 Unloading class 0x000002dcd029c7c0 '_BuildScript_$_run_closure2$_closure6'
Event: 2268.910 Thread 0x000002dc96304c90 Unloading class 0x000002dcd029c3e0 '_BuildScript_$_run_closure2$_closure5'
Event: 2268.911 Thread 0x000002dc96304c90 Unloading class 0x000002dcd029c000 '_BuildScript_$_run_closure2$_closure4'
Event: 2268.912 Thread 0x000002dc96304c90 Unloading class 0x000002dcd02e1400 '_BuildScript_$_run_closure2'
Event: 2268.912 Thread 0x000002dc96304c90 Unloading class 0x000002dcd02e0910 '_BuildScript_$_run_closure1$_closure3'
Event: 2268.913 Thread 0x000002dc96304c90 Unloading class 0x000002dcd02e0530 '_BuildScript_$_run_closure1'
Event: 2268.914 Thread 0x000002dc96304c90 Unloading class 0x000002dcd02e0000 '_BuildScript_'

Classes redefined (0 events):
No events

Internal exceptions (20 events):
Event: 2297.920 Thread 0x000002dd197c0610 Exception <a 'sun/nio/fs/WindowsException'{0x000000063d599d90}> (0x000000063d599d90) 
thrown [s\open\src\hotspot\share\prims\jni.cpp, line 520]
Event: 2306.928 Thread 0x000002dd197bf260 Exception <a 'sun/nio/fs/WindowsException'{0x000000065c603bc0}> (0x000000065c603bc0) 
thrown [s\open\src\hotspot\share\prims\jni.cpp, line 520]
Event: 2322.227 Thread 0x000002dd197bb0c0 Exception <a 'sun/nio/fs/WindowsException'{0x000000065457a588}> (0x000000065457a588) 
thrown [s\open\src\hotspot\share\prims\jni.cpp, line 520]
Event: 2381.062 Thread 0x000002dd197c1330 Exception <a 'sun/nio/fs/WindowsException'{0x0000000627a1c628}> (0x0000000627a1c628) 
thrown [s\open\src\hotspot\share\prims\jni.cpp, line 520]
Event: 2406.186 Thread 0x000002dd197c0610 Implicit null exception at 0x000002dcb0ecdbd3 to 0x000002dcb0ed078c
Event: 2415.928 Thread 0x000002dd197c0610 Exception <a 'sun/nio/fs/WindowsException'{0x000000065f893798}> (0x000000065f893798) 
thrown [s\open\src\hotspot\share\prims\jni.cpp, line 520]
Event: 2427.676 Thread 0x000002dd197c0ca0 Exception <a 'sun/nio/fs/WindowsException'{0x000000065f528c18}> (0x000000065f528c18) 
thrown [s\open\src\hotspot\share\prims\jni.cpp, line 520]
Event: 2427.740 Thread 0x000002dd197c0ca0 Exception <a 'sun/nio/fs/WindowsException'{0x000000065f55dab0}> (0x000000065f55dab0) 
thrown [s\open\src\hotspot\share\prims\jni.cpp, line 520]
Event: 2427.743 Thread 0x000002dd197c0ca0 Exception <a 'sun/nio/fs/WindowsException'{0x000000065f55f928}> (0x000000065f55f928) 
thrown [s\open\src\hotspot\share\prims\jni.cpp, line 520]
Event: 2428.388 Thread 0x000002dd197c0ca0 Exception <a 'sun/nio/fs/WindowsException'{0x000000065f5a4108}> (0x000000065f5a4108) 
thrown [s\open\src\hotspot\share\prims\jni.cpp, line 520]
Event: 2428.697 Thread 0x000002dd197c0ca0 Exception <a 'sun/nio/fs/WindowsException'{0x000000065f5f7fa8}> (0x000000065f5f7fa8) 
thrown [s\open\src\hotspot\share\prims\jni.cpp, line 520]
Event: 2428.723 Thread 0x000002dd197c0ca0 Exception <a 'sun/nio/fs/WindowsException'{0x000000065f5f8eb0}> (0x000000065f5f8eb0) 
thrown [s\open\src\hotspot\share\prims\jni.cpp, line 520]
Event: 2428.730 Thread 0x000002dd197c0ca0 Exception <a 'sun/nio/fs/WindowsException'{0x000000065f5f9058}> (0x000000065f5f9058) 
thrown [s\open\src\hotspot\share\prims\jni.cpp, line 520]
Event: 2428.817 Thread 0x000002dd15195b80 Exception <a 'sun/nio/fs/WindowsException'{0x000000065f604e98}> (0x000000065f604e98) 
thrown [s\open\src\hotspot\share\prims\jni.cpp, line 520]
Event: 2428.835 Thread 0x000002dd16cbd0b0 Exception <a 'sun/nio/fs/WindowsException'{0x000000065fbc7248}> (0x000000065fbc7248) 
thrown [s\open\src\hotspot\share\prims\jni.cpp, line 520]
Event: 2428.842 Thread 0x000002dd16cbd0b0 Exception <a 'sun/nio/fs/WindowsException'{0x000000065fbc7498}> (0x000000065fbc7498) 
thrown [s\open\src\hotspot\share\prims\jni.cpp, line 520]
Event: 2428.846 Thread 0x000002dd16cbd0b0 Exception <a 'sun/nio/fs/WindowsException'{0x000000065fbc7670}> (0x000000065fbc7670) 
thrown [s\open\src\hotspot\share\prims\jni.cpp, line 520]
Event: 2429.783 Thread 0x000002dd195439c0 Exception <a 'sun/nio/fs/WindowsException'{0x000000065f6e55e8}> (0x000000065f6e55e8) 
thrown [s\open\src\hotspot\share\prims\jni.cpp, line 520]
Event: 2440.872 Thread 0x000002dd18aa0540 Exception <a 'java/lang/NoSuchMethodError'{0x00000007fed92ef0}: 'long java.lang.invoke.DirectMethodHandle$Holder.invokeStatic(java.lang.Object, java.lang.Object, java.lang.Object)'> (0x00000007fed92ef0) 
thrown [s\open\src\hotspot\share\interpreter\linkResolver.cpp, line 773]
Event: 2440.873 Thread 0x000002dd1723bb00 Exception <a 'java/lang/NoSuchMethodError'{0x00000007fedc6858}: 'long java.lang.invoke.DirectMethodHandle$Holder.invokeStatic(java.lang.Object, java.lang.Object, java.lang.Object)'> (0x00000007fedc6858) 
thrown [s\open\src\hotspot\share\interpreter\linkResolver.cpp, line 773]

ZGC Phase Switch (0 events):
No events

VM Operations (20 events):
Event: 2436.228 Executing VM operation: Cleanup
Event: 2436.244 Executing VM operation: Cleanup done
Event: 2437.257 Executing VM operation: Cleanup
Event: 2437.976 Executing VM operation: Cleanup done
Event: 2437.976 Executing VM operation: HandshakeAllThreads (Deoptimize)
Event: 2438.021 Executing VM operation: HandshakeAllThreads (Deoptimize) done
Event: 2439.032 Executing VM operation: Cleanup
Event: 2439.033 Executing VM operation: Cleanup done
Event: 2439.889 Executing VM operation: G1CollectForAllocation (G1 Evacuation Pause)
Event: 2440.154 Executing VM operation: G1CollectForAllocation (G1 Evacuation Pause) done
Event: 2441.166 Executing VM operation: Cleanup
Event: 2441.185 Executing VM operation: Cleanup done
Event: 2441.258 Executing VM operation: HandshakeAllThreads (Deoptimize)
Event: 2441.260 Executing VM operation: HandshakeAllThreads (Deoptimize) done
Event: 2441.293 Executing VM operation: HandshakeAllThreads (Deoptimize)
Event: 2441.294 Executing VM operation: HandshakeAllThreads (Deoptimize) done
Event: 2441.454 Executing VM operation: HandshakeAllThreads (Deoptimize)
Event: 2441.455 Executing VM operation: HandshakeAllThreads (Deoptimize) done
Event: 2442.463 Executing VM operation: Cleanup
Event: 2442.463 Executing VM operation: Cleanup done

Events (20 events):
Event: 2400.773 Thread 0x000002dc96304c90 flushing nmethod 0x000002dca3e67f10
Event: 2400.773 Thread 0x000002dc96304c90 flushing nmethod 0x000002dca3e68390
Event: 2400.773 Thread 0x000002dc96304c90 flushing nmethod 0x000002dca3e68c90
Event: 2400.773 Thread 0x000002dc96304c90 flushing nmethod 0x000002dca3e69110
Event: 2400.773 Thread 0x000002dc96304c90 flushing nmethod 0x000002dca3e69610
Event: 2400.774 Thread 0x000002dc96304c90 flushing nmethod 0x000002dca3e6a010
Event: 2400.774 Thread 0x000002dc96304c90 flushing nmethod 0x000002dca3e6a610
Event: 2400.774 Thread 0x000002dc96304c90 flushing nmethod 0x000002dca3e6aa10
Event: 2414.648 Thread 0x000002dd20c09930 Thread added: 0x000002dd20c09930
Event: 2418.213 Thread 0x000002dd20c09930 Thread exited: 0x000002dd20c09930
Event: 2432.893 Thread 0x000002dd20c0a000 Thread added: 0x000002dd20c0a000
Event: 2434.738 Thread 0x000002dd20c0a000 Thread exited: 0x000002dd20c0a000
Event: 2440.413 Thread 0x000002dd1723ade0 Thread added: 0x000002dd1723ade0
Event: 2440.414 Thread 0x000002dd1723b470 Thread added: 0x000002dd1723b470
Event: 2440.435 Thread 0x000002dd1723bb00 Thread added: 0x000002dd1723bb00
Event: 2440.454 Thread 0x000002dd18aa18f0 Thread added: 0x000002dd18aa18f0
Event: 2440.498 Thread 0x000002dd18aa2610 Thread added: 0x000002dd18aa2610
Event: 2440.534 Thread 0x000002dd18aa0540 Thread added: 0x000002dd18aa0540
Event: 2440.561 Thread 0x000002dd18aa4d70 Thread added: 0x000002dd18aa4d70
Event: 2440.568 Thread 0x000002dd18aa7b60 Thread added: 0x000002dd18aa7b60


Dynamic libraries:
0x00007ff7d4a60000 - 0x00007ff7d4a70000 	C:\Program Files\Java\jdk-21\bin\java.exe
0x00007ff966620000 - 0x00007ff966880000 	C:\WINDOWS\SYSTEM32\ntdll.dll
0x00007ff965390000 - 0x00007ff965457000 	C:\WINDOWS\System32\KERNEL32.DLL
0x00007ff964050000 - 0x00007ff96441a000 	C:\WINDOWS\System32\KERNELBASE.dll
0x00007ff963cf0000 - 0x00007ff963e3b000 	C:\WINDOWS\System32\ucrtbase.dll
0x00007ff954cf0000 - 0x00007ff954d0b000 	C:\Program Files\Java\jdk-21\bin\VCRUNTIME140.dll
0x00007ff954ba0000 - 0x00007ff954bb9000 	C:\Program Files\Java\jdk-21\bin\jli.dll
0x00007ff966200000 - 0x00007ff9662b2000 	C:\WINDOWS\System32\ADVAPI32.dll
0x00007ff965460000 - 0x00007ff965509000 	C:\WINDOWS\System32\msvcrt.dll
0x00007ff966020000 - 0x00007ff9660c6000 	C:\WINDOWS\System32\sechost.dll
0x00007ff9662c0000 - 0x00007ff9663d6000 	C:\WINDOWS\System32\RPCRT4.dll
0x00007ff964420000 - 0x00007ff9645ec000 	C:\WINDOWS\System32\USER32.dll
0x00007ff963e40000 - 0x00007ff963e67000 	C:\WINDOWS\System32\win32u.dll
0x00007ff9661b0000 - 0x00007ff9661da000 	C:\WINDOWS\System32\GDI32.dll
0x00007ff963f10000 - 0x00007ff964041000 	C:\WINDOWS\System32\gdi32full.dll
0x00007ff94a0b0000 - 0x00007ff94a347000 	C:\WINDOWS\WinSxS\amd64_microsoft.windows.common-controls_6595b64144ccf1df_6.0.26100.3624_none_3e086962e3345f24\COMCTL32.dll
0x00007ff9638c0000 - 0x00007ff963963000 	C:\WINDOWS\System32\msvcp_win.dll
0x00007ff95c9d0000 - 0x00007ff95c9db000 	C:\WINDOWS\SYSTEM32\VERSION.dll
0x00007ff964c60000 - 0x00007ff964c8f000 	C:\WINDOWS\System32\IMM32.DLL
0x00007ff95bbf0000 - 0x00007ff95bbfc000 	C:\Program Files\Java\jdk-21\bin\vcruntime140_1.dll
0x00007ff93d2c0000 - 0x00007ff93d34e000 	C:\Program Files\Java\jdk-21\bin\msvcp140.dll
0x00007ff928d20000 - 0x00007ff929a3a000 	C:\Program Files\Java\jdk-21\bin\server\jvm.dll
0x00007ff965f30000 - 0x00007ff965fa4000 	C:\WINDOWS\System32\WS2_32.dll
0x00007ff963030000 - 0x00007ff96308e000 	C:\WINDOWS\SYSTEM32\POWRPROF.dll
0x00007ff95b9c0000 - 0x00007ff95b9f6000 	C:\WINDOWS\SYSTEM32\WINMM.dll
0x00007ff963010000 - 0x00007ff963024000 	C:\WINDOWS\SYSTEM32\UMPDC.dll
0x00007ff962610000 - 0x00007ff96262a000 	C:\WINDOWS\SYSTEM32\kernel.appcore.dll
0x00007ff95bbc0000 - 0x00007ff95bbca000 	C:\Program Files\Java\jdk-21\bin\jimage.dll
0x00007ff957240000 - 0x00007ff957481000 	C:\WINDOWS\SYSTEM32\DBGHELP.DLL
0x00007ff9646c0000 - 0x00007ff964a42000 	C:\WINDOWS\System32\combase.dll
0x00007ff9664f0000 - 0x00007ff9665c6000 	C:\WINDOWS\System32\OLEAUT32.dll
0x00007ff948340000 - 0x00007ff948379000 	C:\WINDOWS\SYSTEM32\dbgcore.DLL
0x00007ff963e70000 - 0x00007ff963f09000 	C:\WINDOWS\System32\bcryptPrimitives.dll
0x00007ff950db0000 - 0x00007ff950dbf000 	C:\Program Files\Java\jdk-21\bin\instrument.dll
0x00007ff954430000 - 0x00007ff95444f000 	C:\Program Files\Java\jdk-21\bin\java.dll
0x00007ff965510000 - 0x00007ff965c39000 	C:\WINDOWS\System32\SHELL32.dll
0x00007ff963b80000 - 0x00007ff963ce8000 	C:\WINDOWS\System32\wintypes.dll
0x00007ff9614c0000 - 0x00007ff961d12000 	C:\WINDOWS\SYSTEM32\windows.storage.dll
0x00007ff965c40000 - 0x00007ff965d2d000 	C:\WINDOWS\System32\SHCORE.dll
0x00007ff965fb0000 - 0x00007ff966014000 	C:\WINDOWS\System32\shlwapi.dll
0x00007ff963710000 - 0x00007ff96373f000 	C:\WINDOWS\SYSTEM32\profapi.dll
0x00007ff93adb0000 - 0x00007ff93ae87000 	C:\Program Files\Java\jdk-21\bin\jsvml.dll
0x00007ff94cbc0000 - 0x00007ff94cbd8000 	C:\Program Files\Java\jdk-21\bin\zip.dll
0x00007ff9555b0000 - 0x00007ff9555c0000 	C:\Program Files\Java\jdk-21\bin\net.dll
0x00007ff95bec0000 - 0x00007ff95bfdd000 	C:\WINDOWS\SYSTEM32\WINHTTP.dll
0x00007ff962b30000 - 0x00007ff962b9a000 	C:\WINDOWS\system32\mswsock.dll
0x00007ff9501a0000 - 0x00007ff9501b6000 	C:\Program Files\Java\jdk-21\bin\nio.dll
0x00007ff954df0000 - 0x00007ff954e00000 	C:\Program Files\Java\jdk-21\bin\verify.dll
0x00007ff942b00000 - 0x00007ff942b27000 	C:\Users\anand\.gradle\native\c067742578af261105cb4f569cf0c3c89f3d7b1fecec35dd04571415982c5e48\windows-amd64\native-platform.dll
0x00007ff92a920000 - 0x00007ff92aa64000 	C:\Users\anand\.gradle\native\100fb08df4bc3b14c8652ba06237920a3bd2aa13389f12d3474272988ae205f9\windows-amd64\native-platform-file-events.dll
0x00007ff951d50000 - 0x00007ff951d5a000 	C:\Program Files\Java\jdk-21\bin\management.dll
0x00007ff951ae0000 - 0x00007ff951aeb000 	C:\Program Files\Java\jdk-21\bin\management_ext.dll
0x00007ff9665d0000 - 0x00007ff9665d8000 	C:\WINDOWS\System32\PSAPI.DLL
0x00007ff962dd0000 - 0x00007ff962dec000 	C:\WINDOWS\SYSTEM32\CRYPTSP.dll
0x00007ff962570000 - 0x00007ff9625aa000 	C:\WINDOWS\system32\rsaenh.dll
0x00007ff962bd0000 - 0x00007ff962bfb000 	C:\WINDOWS\SYSTEM32\USERENV.dll
0x00007ff9636e0000 - 0x00007ff963706000 	C:\WINDOWS\SYSTEM32\bcrypt.dll
0x00007ff962df0000 - 0x00007ff962dfc000 	C:\WINDOWS\SYSTEM32\CRYPTBASE.dll
0x00007ff962040000 - 0x00007ff962073000 	C:\WINDOWS\SYSTEM32\IPHLPAPI.DLL
0x00007ff9661a0000 - 0x00007ff9661aa000 	C:\WINDOWS\System32\NSI.dll
0x00007ff951160000 - 0x00007ff951169000 	C:\Program Files\Java\jdk-21\bin\extnet.dll
0x00007ff95eba0000 - 0x00007ff95ebae000 	C:\Program Files\Java\jdk-21\bin\sunmscapi.dll
0x00007ff963970000 - 0x00007ff963ae7000 	C:\WINDOWS\System32\CRYPT32.dll
0x00007ff9630f0000 - 0x00007ff963120000 	C:\WINDOWS\SYSTEM32\ncrypt.dll
0x00007ff9630a0000 - 0x00007ff9630df000 	C:\WINDOWS\SYSTEM32\NTASN1.dll
0x00007ff955660000 - 0x00007ff955668000 	C:\WINDOWS\system32\wshunix.dll
0x00007ff9620d0000 - 0x00007ff9621f5000 	C:\WINDOWS\SYSTEM32\DNSAPI.dll
0x00007ff95c2d0000 - 0x00007ff95c2db000 	C:\Windows\System32\rasadhlp.dll
0x00007ff95d9c0000 - 0x00007ff95da45000 	C:\WINDOWS\System32\fwpuclnt.dll
0x00007ff93c200000 - 0x00007ff93c218000 	C:\WINDOWS\system32\napinsp.dll
0x00007ff949490000 - 0x00007ff9494a2000 	C:\WINDOWS\System32\winrnr.dll
0x00007ff94cb10000 - 0x00007ff94cb40000 	C:\WINDOWS\system32\nlansp_c.dll
0x00007ff958b60000 - 0x00007ff958b76000 	C:\WINDOWS\system32\wshbth.dll
0x00007ff962730000 - 0x00007ff962765000 	C:\WINDOWS\SYSTEM32\ntmarta.dll
0x00007ff9557f0000 - 0x00007ff95580e000 	C:\Users\anand\AppData\Local\Temp\native-platform4790230320694446315dir\native-platform.dll
0x00007ff95ece0000 - 0x00007ff95ece7000 	C:\Program Files\Java\jdk-21\bin\rmi.dll

dbghelp: loaded successfully - version: 4.0.5 - missing functions: none
symbol engine: initialized successfully - sym options: 0x614 - pdb path: .;C:\Program Files\Java\jdk-21\bin;C:\WINDOWS\SYSTEM32;C:\WINDOWS\WinSxS\amd64_microsoft.windows.common-controls_6595b64144ccf1df_6.0.26100.3624_none_3e086962e3345f24;C:\Program Files\Java\jdk-21\bin\server;C:\Users\anand\.gradle\native\c067742578af261105cb4f569cf0c3c89f3d7b1fecec35dd04571415982c5e48\windows-amd64;C:\Users\anand\.gradle\native\100fb08df4bc3b14c8652ba06237920a3bd2aa13389f12d3474272988ae205f9\windows-amd64;C:\Users\anand\AppData\Local\Temp\native-platform4790230320694446315dir

VM Arguments:
jvm_args: -XX:MaxMetaspaceSize=4G -XX:ReservedCodeCacheSize=512m -XX:+HeapDumpOnOutOfMemoryError --add-opens=java.base/java.util=ALL-UNNAMED --add-opens=java.base/java.lang=ALL-UNNAMED --add-opens=java.base/java.lang.invoke=ALL-UNNAMED --add-opens=java.prefs/java.util.prefs=ALL-UNNAMED --add-exports=jdk.compiler/com.sun.tools.javac.api=ALL-UNNAMED --add-exports=jdk.compiler/com.sun.tools.javac.util=ALL-UNNAMED --add-opens=java.base/java.nio.charset=ALL-UNNAMED --add-opens=java.base/java.net=ALL-UNNAMED --add-opens=java.base/java.util.concurrent.atomic=ALL-UNNAMED -Xmx8G -Dfile.encoding=UTF-8 -Duser.country=IN -Duser.language=en -Duser.variant -javaagent:C:\Users\anand\.gradle\wrapper\dists\gradle-8.10.2-all\7iv73wktx1xtkvlq19urqw1wm\gradle-8.10.2\lib\agents\gradle-instrumentation-agent-8.10.2.jar 
java_command: org.gradle.launcher.daemon.bootstrap.GradleDaemon 8.10.2
java_class_path (initial): C:\Users\anand\.gradle\wrapper\dists\gradle-8.10.2-all\7iv73wktx1xtkvlq19urqw1wm\gradle-8.10.2\lib\gradle-daemon-main-8.10.2.jar
Launcher Type: SUN_STANDARD

[Global flags]
     intx CICompilerCount                          = 4                                         {product} {ergonomic}
     uint ConcGCThreads                            = 2                                         {product} {ergonomic}
     uint G1ConcRefinementThreads                  = 8                                         {product} {ergonomic}
   size_t G1HeapRegionSize                         = 4194304                                   {product} {ergonomic}
    uintx GCDrainStackTargetSize                   = 64                                        {product} {ergonomic}
     bool HeapDumpOnOutOfMemoryError               = true                                   {manageable} {command line}
   size_t InitialHeapSize                          = 125829120                                 {product} {ergonomic}
   size_t MarkStackSize                            = 4194304                                   {product} {ergonomic}
   size_t MaxHeapSize                              = 8589934592                                {product} {command line}
   size_t MaxMetaspaceSize                         = 4294967296                                {product} {command line}
   size_t MaxNewSize                               = 5150605312                                {product} {ergonomic}
   size_t MinHeapDeltaBytes                        = 4194304                                   {product} {ergonomic}
   size_t MinHeapSize                              = 8388608                                   {product} {ergonomic}
    uintx NonNMethodCodeHeapSize                   = 5839372                                {pd product} {ergonomic}
    uintx NonProfiledCodeHeapSize                  = 265515770                              {pd product} {ergonomic}
    uintx ProfiledCodeHeapSize                     = 265515770                              {pd product} {ergonomic}
    uintx ReservedCodeCacheSize                    = 536870912                              {pd product} {command line}
     bool SegmentedCodeCache                       = true                                      {product} {ergonomic}
   size_t SoftMaxHeapSize                          = 8589934592                             {manageable} {ergonomic}
     bool UseCompressedOops                        = true                           {product lp64_product} {ergonomic}
     bool UseG1GC                                  = true                                      {product} {ergonomic}
     bool UseLargePagesIndividualAllocation        = false                                  {pd product} {ergonomic}

Logging:
Log output configuration:
 #0: stdout all=warning uptime,level,tags foldmultilines=false
 #1: stderr all=off uptime,level,tags foldmultilines=false

Environment Variables:
JAVA_HOME=C:\Program Files\Java\jdk-21
CLASSPATH=C:\development\Catalift Clone\catalift_clone\android\\gradle\wrapper\gradle-wrapper.jar
PATH=C:\Program Files\Java\jdk-21\bin;C:\Program Files\Common Files\Oracle\Java\javapath;C:\WINDOWS\system32;C:\WINDOWS;C:\WINDOWS\System32\Wbem;C:\WINDOWS\System32\WindowsPowerShell\v1.0\;C:\WINDOWS\System32\OpenSSH\;C:\Program Files\HP\HP One Agent;C:\WINDOWS\system32;C:\WINDOWS;C:\WINDOWS\System32\Wbem;C:\WINDOWS\System32\WindowsPowerShell\v1.0\;C:\WINDOWS\System32\OpenSSH\;C:\flutterdev\flutter\bin;C:\Android-SDK\emulator;C:\Android-SDK\cmdline-tools\bin;C:\Android-SDK\platform-tools;C:\Program Files\Java\jdk-21\bin;C:\Program Files\Git\cmd;C:\Users\anand\AppData\Local\Programs\Python\Python310\Scripts\;C:\Users\anand\AppData\Local\Programs\Python\Python310\;C:\Users\anand\AppData\Local\Microsoft\WindowsApps;C:\Users\anand\AppData\Local\Programs\Microsoft VS Code\bin;;C:\flutterdev\flutter\bin\mingit\cmd;C:\flutterdev\flutter\bin\mingit\cmd
USERNAME=anand
OS=Windows_NT
PROCESSOR_IDENTIFIER=AMD64 Family 23 Model 104 Stepping 1, AuthenticAMD
TMP=C:\Users\anand\AppData\Local\Temp
TEMP=C:\Users\anand\AppData\Local\Temp




Periodic native trim disabled

---------------  S Y S T E M  ---------------

OS:
 Windows 11 , 64 bit Build 26100 (10.0.26100.3775)
OS uptime: 28 days 2:50 hours

CPU: total 8 (initial active 8) (8 cores per cpu, 2 threads per core) family 23 model 104 stepping 1 microcode 0x8608107, cx8, cmov, fxsr, ht, mmx, 3dnowpref, sse, sse2, sse3, ssse3, sse4a, sse4.1, sse4.2, popcnt, lzcnt, tsc, tscinvbit, avx, avx2, aes, clmul, bmi1, bmi2, adx, sha, fma, vzeroupper, clflush, clflushopt, rdtscp, rdpid, f16c
Processor Information for all 8 processors :
  Max Mhz: 2600, Current Mhz: 1896, Mhz Limit: 2600

Memory: 4k page, system-wide physical 7502M (10M free)
TotalPageFile size 22567M (AvailPageFile size 1010M)
current process WorkingSet (physical memory assigned to process): 440M, peak: 1007M
current process commit charge ("private bytes"): 2537M, peak: 2539M

vm_info: Java HotSpot(TM) 64-Bit Server VM (21.0.6+8-LTS-188) for windows-amd64 JRE (21.0.6+8-LTS-188), built on 2024-12-03T10:50:54Z by "mach5one" with MS VC++ 17.6 (VS2022)

END.
